method,mae,mae_std,rmse,rmse_std,r2,r2_std,pearson,pearson_std,spearman,spearman_std,n_valid
ML,4.535085765209751,0.042533790586479936,5.750133950964093,0.06850736015163175,0.5913258497393359,0.009708238284692406,0.7729380251882887,0.005403238596357839,0.6147538409496566,0.012046227215072867,1036.0
IDW,5.0170051671988904,0.04710132408171663,6.633652874034384,0.072794433451186,0.521394272768329,0.010512144287190134,0.7498293916706469,0.004545199601453992,0.6506147535735558,0.004204522462191663,874.0
GPR,5.8335344940909994,0.09309935038361274,7.539123052188702,0.11572040755731205,0.38176429368275605,0.018892417022161774,0.6825603356020491,0.010209326415447677,0.5651028595595438,0.01402592071116826,874.0
CH,6.302566897883471,0.017524853113699224,7.787272850127579,0.0721017563652506,0.2957286437820831,0.012057312940248715,0.5939672812820926,0.00706536424517593,0.44415925290211133,0.005511447400590097,777.6
K,5.446449714921227,0.7036371682763697,7.8728344210557495,2.0988239893581113,0.2876247669876463,0.4159031829234725,0.6850115660556814,0.10022394699690965,0.6239639736602207,0.027783560792943193,874.0
AS,6.438480162226066,0.06452616174872071,7.974925848846169,0.06901735205924202,0.22463777040891122,0.016744865311040594,0.545938235784596,0.012715518025567094,0.40779633409564314,0.005924330312526645,696.4
