method,mae,rmse,r2,pearson,spearman,n_valid
ml,4.536417388805782,5.775010332154262,0.5878289714437448,0.7719358366063543,0.6212245459389254,1036
idw,4.957410498819925,6.5527896254589795,0.5330364063733071,0.75696126197731,0.6642405954842572,874
gpr,5.963268739588955,7.55243906776611,0.3796953567062411,0.6795260895612766,0.5482432743141532,874
kriging,5.185404537994351,7.667416864952883,0.36066464206130167,0.6878703507834432,0.6303516602399165,874
convex_hull,6.262975608020395,7.726238379289177,0.3040011215038291,0.597129121896197,0.4415299136027348,783
alpha_shape,6.442510581093579,7.982478747008248,0.23170563379397602,0.5481317359686301,0.4114375619519602,702
