file,lat,lon,altitude,dem_elevation_m,agl_dem_m,dem_source
2026-04-20-13-14-04.csv,43.04634694,12.57111115,254.21,203.48880004882812,50.72119995117188,w47575_s10.tif
2026-04-20-13-14-04.csv,43.04616369,12.57060765,259.63,202.81829833984375,56.811701660156245,w47575_s10.tif
2026-04-20-13-14-04.csv,43.04600147,12.57025666,261.55,202.4846954345703,59.0653045654297,w47575_s10.tif
2026-04-20-13-14-04.csv,43.04554849,12.57009663,261.62,201.42059326171875,60.199406738281255,w47575_s10.tif
2026-04-20-13-14-04.csv,43.04518235,12.57036223,258.09,201.0655059814453,57.02449401855466,w47575_s10.tif
2026-04-20-13-14-04.csv,43.04519866,12.57061182,257.89,201.7393035888672,56.1506964111328,w47575_s10.tif
2026-04-20-13-14-04.csv,43.04562872,12.57087057,258.88,202.48399353027344,56.39600646972656,w47575_s10.tif
2026-04-20-13-14-04.csv,43.0460501,12.57106088,260.84,202.96359252929688,57.8764074707031,w47575_s10.tif
2026-04-20-13-14-04.csv,43.04648028,12.57125287,259.3,203.72149658203125,55.57850341796876,w47575_s10.tif
2026-04-20-13-14-04.csv,43.04648028,12.57125287,259.3,203.72149658203125,55.57850341796876,w47575_s10.tif
2026-04-20-13-14-04.csv,43.04690761,12.57136274,258.68,204.15370178222656,54.526298217773444,w47575_s10.tif
2026-04-20-13-14-04.csv,43.04690761,12.57136274,258.68,204.15370178222656,54.526298217773444,w47575_s10.tif
2026-04-20-13-14-04.csv,43.04724037,12.570986,258.39,204.09449768066406,54.295502319335924,w47575_s10.tif
2026-04-20-13-14-04.csv,43.04696304,12.57053151,258.72,203.74769592285156,54.972304077148465,w47575_s10.tif
2026-04-20-13-14-04.csv,43.04670953,12.57005399,258.5,202.9665985107422,55.53340148925781,w47575_s10.tif
2026-04-20-13-14-04.csv,43.04644005,12.56962599,258.8,202.23880004882812,56.561199951171886,w47575_s10.tif
2026-04-20-13-14-04.csv,43.04603856,12.56947877,260.21,202.26539611816406,57.94460388183592,w47575_s10.tif
2026-04-20-13-14-04.csv,43.04604872,12.57007536,259.35,202.59979248046875,56.75020751953127,w47575_s10.tif
2026-04-20-13-14-04.csv,43.0461426,12.57037561,259.5,202.65150451660156,56.84849548339844,w47575_s10.tif
2026-04-20-13-14-04.csv,43.04634623,12.57096932,261.28,203.3656005859375,57.91439941406247,w47575_s10.tif
2026-04-20-13-14-04.csv,43.04651901,12.57151391,262.3,203.89999389648438,58.400006103515636,w47575_s10.tif
2026-04-20-13-14-04.csv,43.04669841,12.57201551,263.63,204.2747039794922,59.35529602050781,w47575_s10.tif
2026-04-20-13-14-04.csv,43.04669841,12.57201551,263.63,204.2747039794922,59.35529602050781,w47575_s10.tif
2026-04-20-13-14-04.csv,43.04640981,12.57245847,265.24,204.17210388183594,61.06789611816407,w47575_s10.tif
2026-04-20-13-14-04.csv,43.04598177,12.57267863,266.77,203.96620178222656,62.80379821777342,w47575_s10.tif
2026-04-20-13-14-04.csv,43.04559915,12.57245727,266.75,203.65310668945312,63.096893310546875,w47575_s10.tif
2026-04-20-13-14-04.csv,43.04601796,12.57223629,264.7,203.79449462890625,60.90550537109374,w47575_s10.tif
2026-04-20-13-14-04.csv,43.0463918,12.57189308,264.91,203.89390563964844,61.01609436035159,w47575_s10.tif
2026-04-20-13-14-04.csv,43.04673581,12.57159092,264.8,204.12969970703125,60.67030029296876,w47575_s10.tif
2026-04-20-13-14-04.csv,43.04708457,12.57126991,265.0,204.1544952392578,60.84550476074219,w47575_s10.tif
2026-04-20-13-14-04.csv,43.04667159,12.57116174,267.08,203.9062042236328,63.17379577636717,w47575_s10.tif
2026-04-20-13-14-04.csv,43.04630945,12.57146644,266.65,203.65069580078125,62.99930419921873,w47575_s10.tif
2026-04-20-13-14-04.csv,43.04592431,12.57179411,266.98,203.5980987548828,63.381901245117206,w47575_s10.tif
2026-04-20-13-14-04.csv,43.04552469,12.57212755,267.06,203.39370727539062,63.66629272460938,w47575_s10.tif
2026-04-20-13-14-04.csv,43.04512168,12.57245106,267.27,203.37579345703125,63.89420654296873,w47575_s10.tif
2026-04-20-13-14-04.csv,43.04532331,12.57186407,264.66,203.22579956054688,61.43420043945315,w47575_s10.tif
2026-04-20-13-14-04.csv,43.04572206,12.57160513,264.51,203.531494140625,60.97850585937499,w47575_s10.tif
2026-04-20-13-14-04.csv,43.04613079,12.57129694,263.0,203.4936065673828,59.50639343261719,w47575_s10.tif
2026-04-20-13-14-04.csv,43.04652211,12.57096267,263.13,203.7144012451172,59.41559875488281,w47575_s10.tif
2026-04-20-13-14-04.csv,43.04692281,12.57060312,262.37,203.82510375976562,58.54489624023438,w47575_s10.tif
2026-04-20-13-14-04.csv,43.04729584,12.57030581,262.74,203.8551025390625,58.88489746093751,w47575_s10.tif
2026-04-20-13-14-04.csv,43.04753411,12.56989251,264.11,203.93190002441406,60.17809997558595,w47575_s10.tif
2026-04-20-13-14-04.csv,43.04714085,12.57013822,263.2,203.59930419921875,59.60069580078124,w47575_s10.tif
2026-04-20-13-14-04.csv,43.04676112,12.57053166,264.17,203.6322021484375,60.537797851562516,w47575_s10.tif
2026-04-20-13-14-04.csv,43.04635129,12.57078111,264.63,203.24240112304688,61.38759887695312,w47575_s10.tif
2026-04-20-13-14-04.csv,43.04610828,12.57090222,265.69,202.82730102539062,62.86269897460937,w47575_s10.tif
2026-04-20-13-14-04.csv,43.04569361,12.57117137,267.93,203.2617950439453,64.6682049560547,w47575_s10.tif
2026-04-20-13-14-04.csv,43.04528953,12.57146337,268.89,203.30029296875,65.58970703124999,w47575_s10.tif
2026-04-20-13-14-04.csv,43.04493002,12.5711801,268.33,203.0778045654297,65.2521954345703,w47575_s10.tif
2026-04-20-13-14-04.csv,43.04514542,12.5706983,269.13,202.16600036621094,66.96399963378906,w47575_s10.tif
2026-04-20-13-14-04.csv,43.04514542,12.5706983,269.13,202.16600036621094,66.96399963378906,w47575_s10.tif
2026-04-20-13-14-04.csv,43.04553874,12.57036249,265.58,201.3076934814453,64.27230651855467,w47575_s10.tif
2026-04-20-13-14-04.csv,43.04592287,12.57076599,265.66,202.34530639648438,63.31469360351565,w47575_s10.tif
2026-04-20-13-14-04.csv,43.04592287,12.57076599,265.66,202.34530639648438,63.31469360351565,w47575_s10.tif
2026-04-20-13-14-04.csv,43.04631743,12.57118188,265.15,203.58169555664062,61.56830444335935,w47575_s10.tif
2026-04-20-13-14-04.csv,43.0467048,12.57159309,266.56,204.12969970703125,62.43030029296875,w47575_s10.tif
2026-04-20-13-14-04.csv,43.04710894,12.57200485,265.82,204.58810424804688,61.23189575195312,w47575_s10.tif
2026-04-20-13-14-04.csv,43.04751662,12.57240677,264.81,204.94020080566406,59.86979919433594,w47575_s10.tif
2026-04-20-13-14-04.csv,43.04788902,12.57279706,265.11,205.1909942626953,59.9190057373047,w47575_s10.tif
2026-04-20-13-14-04.csv,43.04788902,12.57279706,265.11,205.1909942626953,59.9190057373047,w47575_s10.tif
2026-04-20-13-14-04.csv,43.04781421,12.57221778,266.92,205.00799560546875,61.912004394531266,w47575_s10.tif
2026-04-20-13-14-04.csv,43.04748085,12.57184512,268.79,204.71710205078125,64.07289794921877,w47575_s10.tif
2026-04-20-13-14-04.csv,43.04710618,12.5714332,270.07,204.28770446777344,65.78229553222656,w47575_s10.tif
2026-04-20-13-14-04.csv,43.04700556,12.57132975,270.04,204.18739318847656,65.85260681152346,w47575_s10.tif
2026-04-20-13-14-04.csv,43.04662379,12.57091359,270.32,203.83160400390625,66.48839599609374,w47575_s10.tif
2026-04-20-13-14-04.csv,43.04628073,12.57055165,270.06,203.0426025390625,67.0173974609375,w47575_s10.tif
2026-04-20-13-14-04.csv,43.04588898,12.57015432,269.98,202.09359741210938,67.88640258789064,w47575_s10.tif
2026-04-20-13-14-04.csv,43.04551332,12.56975167,269.98,201.4561004638672,68.52389953613283,w47575_s10.tif
2026-04-20-13-14-04.csv,43.04536136,12.56961175,269.36,201.37339782714844,67.98660217285158,w47575_s10.tif
2026-04-20-13-14-04.csv,43.04498324,12.56916523,269.61,200.83700561523438,68.77299438476564,w47575_s10.tif
2026-04-20-13-14-04.csv,43.04456301,12.5687791,269.1,200.79269409179688,68.30730590820315,w47575_s10.tif
2026-04-20-13-14-04.csv,43.04456301,12.5687791,269.1,200.79269409179688,68.30730590820315,w47575_s10.tif
2026-04-20-13-14-04.csv,43.0441273,12.56887324,269.63,199.970703125,69.659296875,w47575_s10.tif
2026-04-20-13-14-04.csv,43.04382932,12.5693237,268.85,200.57620239257812,68.2737976074219,w47575_s10.tif
2026-04-20-13-14-04.csv,43.04357256,12.56979298,270.45,200.78140258789062,69.66859741210936,w47575_s10.tif
2026-04-20-13-14-04.csv,43.04357476,12.57038106,273.04,201.26699829101562,71.7730017089844,w47575_s10.tif
2026-04-20-13-14-04.csv,43.04362959,12.57051198,272.03,201.36419677734375,70.66580322265622,w47575_s10.tif
2026-04-20-13-14-04.csv,43.04407396,12.57073648,267.74,201.96670532226562,65.77329467773438,w47575_s10.tif
2026-04-20-13-14-04.csv,43.0445195,12.57086289,266.93,202.4611053466797,64.46889465332032,w47575_s10.tif
2026-04-20-13-14-04.csv,43.0449555,12.57078453,269.76,202.31719970703125,67.44280029296874,w47575_s10.tif
2026-04-20-13-14-04.csv,43.04536784,12.57052683,268.41,201.3105926513672,67.09940734863284,w47575_s10.tif
2026-04-20-13-14-04.csv,43.04571669,12.57041521,266.28,201.7541961669922,64.52580383300779,w47575_s10.tif
2026-04-20-13-14-04.csv,43.04615094,12.57070658,266.23,202.58389282226562,63.64610717773439,w47575_s10.tif
2026-04-20-13-14-04.csv,43.04648362,12.57109099,262.83,203.6488037109375,59.181196289062484,w47575_s10.tif
2026-04-20-13-14-04.csv,43.04676756,12.571564,264.43,204.2386932373047,60.19130676269532,w47575_s10.tif
2026-04-20-13-14-04.csv,43.04663073,12.57211221,262.6,204.15980529785156,58.44019470214846,w47575_s10.tif
2026-04-20-13-14-04.csv,43.04639192,12.57260646,264.39,204.36419677734375,60.025803222656236,w47575_s10.tif
2026-04-20-13-14-04.csv,43.04614882,12.57313648,262.73,204.48480224609375,58.24519775390627,w47575_s10.tif
2026-04-20-13-14-04.csv,43.04589993,12.57366669,265.19,204.64639282226562,60.54360717773437,w47575_s10.tif
2026-04-20-13-14-04.csv,43.04629134,12.57396122,265.3,205.0216064453125,60.27839355468751,w47575_s10.tif
2026-04-20-13-14-04.csv,43.04673889,12.57391094,266.91,205.0496063232422,61.86039367675784,w47575_s10.tif
2026-04-20-13-14-04.csv,43.04722128,12.57385387,267.44,205.16119384765625,62.27880615234375,w47575_s10.tif
2026-04-20-13-14-04.csv,43.04773099,12.57379886,266.96,205.58990478515625,61.37009521484373,w47575_s10.tif
2026-04-20-13-14-04.csv,43.04815147,12.57374073,267.18,205.7156982421875,61.46430175781251,w47575_s10.tif
2026-04-20-13-14-04.csv,43.04856692,12.57346631,267.49,205.7061004638672,61.78389953613282,w47575_s10.tif
2026-04-20-13-14-04.csv,43.04840974,12.57326337,267.41,205.54629516601562,61.8637048339844,w47575_s10.tif
2026-04-20-13-14-04.csv,43.04798772,12.5730512,267.85,205.3074951171875,62.54250488281252,w47575_s10.tif
2026-04-20-13-14-04.csv,43.04755922,12.57266247,267.68,205.04800415039062,62.63199584960938,w47575_s10.tif
2026-04-20-13-14-04.csv,43.04732164,12.5724658,268.19,204.90370178222656,63.286298217773435,w47575_s10.tif
2026-04-20-13-14-04.csv,43.04695347,12.57217403,266.4,204.64430236816406,61.755697631835915,w47575_s10.tif
2026-04-20-13-14-04.csv,43.0465889,12.5718556,266.69,204.08729553222656,62.602704467773435,w47575_s10.tif
2026-04-20-13-14-04.csv,43.04625773,12.5713404,266.94,203.52920532226562,63.41079467773437,w47575_s10.tif
2026-04-20-13-14-04.csv,43.04624667,12.57107395,250.5,203.3094024658203,47.19059753417969,w47575_s10.tif
2026-04-20-13-36-20.csv,43.03038349,12.5733751,265.46,191.23370361328125,74.22629638671873,w47575_s10.tif
2026-04-20-13-36-20.csv,43.03038002,12.5733756,258.45,191.23370361328125,67.21629638671874,w47575_s10.tif
2026-04-20-13-36-20.csv,43.0303789,12.57337635,265.45,191.23370361328125,74.21629638671874,w47575_s10.tif
2026-04-20-13-36-20.csv,43.03077136,12.57371088,262.04,191.55130004882812,70.4886999511719,w47575_s10.tif
2026-04-20-13-36-20.csv,43.03113525,12.57406905,263.95,191.5543975830078,72.39560241699218,w47575_s10.tif
2026-04-20-13-36-20.csv,43.03149379,12.57443419,261.34,191.71189880371094,69.62810119628904,w47575_s10.tif
2026-04-20-13-36-20.csv,43.03189942,12.57483869,260.36,192.0050048828125,68.35499511718751,w47575_s10.tif
2026-04-20-13-36-20.csv,43.03197804,12.57492147,260.45,192.06289672851562,68.38710327148436,w47575_s10.tif
2026-04-20-13-36-20.csv,43.03225057,12.57535767,260.7,192.3690948486328,68.33090515136718,w47575_s10.tif
2026-04-20-13-36-20.csv,43.03191676,12.57569629,260.77,192.2303009033203,68.53969909667967,w47575_s10.tif
2026-04-20-13-36-20.csv,43.03150251,12.5760833,261.24,192.0789031982422,69.16109680175782,w47575_s10.tif
2026-04-20-13-36-20.csv,43.03113008,12.57641715,260.23,191.7006072998047,68.52939270019533,w47575_s10.tif
2026-04-20-13-36-20.csv,43.03077896,12.57676788,264.22,191.32229614257812,72.8977038574219,w47575_s10.tif
2026-04-20-13-36-20.csv,43.030569,12.57679536,260.38,191.14779663085938,69.23220336914062,w47575_s10.tif
2026-04-20-13-36-20.csv,43.03097914,12.5770479,258.96,191.47689819335938,67.4831018066406,w47575_s10.tif
2026-04-20-13-36-20.csv,43.03126828,12.57724088,259.36,191.7178955078125,67.64210449218751,w47575_s10.tif
2026-04-20-13-36-20.csv,43.03165381,12.57748814,259.03,192.6092987060547,66.42070129394529,w47575_s10.tif
2026-04-20-13-36-20.csv,43.03190923,12.57765125,263.01,193.06280517578125,69.94719482421874,w47575_s10.tif
2026-04-20-13-36-20.csv,43.03232223,12.57775455,259.43,193.27870178222656,66.15129821777344,w47575_s10.tif
2026-04-20-13-36-20.csv,43.03240798,12.57720904,259.85,193.19119262695312,66.6588073730469,w47575_s10.tif
2026-04-20-13-36-20.csv,43.03240798,12.57720904,259.85,193.19119262695312,66.6588073730469,w47575_s10.tif
2026-04-20-13-36-20.csv,43.03224862,12.57665162,261.31,192.89950561523438,68.41049438476563,w47575_s10.tif
2026-04-20-13-36-20.csv,43.03209631,12.57612648,259.64,192.53199768066406,67.10800231933592,w47575_s10.tif
2026-04-20-13-36-20.csv,43.03166551,12.57636282,259.58,192.25399780273438,67.32600219726561,w47575_s10.tif
2026-04-20-13-36-20.csv,43.03166551,12.57636282,259.58,192.25399780273438,67.32600219726561,w47575_s10.tif
2026-04-20-13-36-20.csv,43.03135668,12.57675928,260.66,191.84750366210938,68.81249633789065,w47575_s10.tif
2026-04-20-13-36-20.csv,43.03097371,12.57661145,261.55,191.50790405273438,70.04209594726564,w47575_s10.tif
2026-04-20-13-36-20.csv,43.0305506,12.57634761,261.23,191.16990661621094,70.06009338378908,w47575_s10.tif
2026-04-20-13-36-20.csv,43.03011449,12.57606425,261.84,191.17300415039062,70.66699584960935,w47575_s10.tif
2026-04-20-13-36-20.csv,43.02967839,12.57573644,262.35,190.94839477539062,71.4016052246094,w47575_s10.tif
2026-04-20-13-36-20.csv,43.0292201,12.57542714,263.98,190.5155029296875,73.46449707031252,w47575_s10.tif
2026-04-20-13-36-20.csv,43.02882816,12.57516913,264.26,190.16700744628906,74.09299255371093,w47575_s10.tif
2026-04-20-13-36-20.csv,43.02844681,12.57490638,263.05,189.73599243164062,73.31400756835939,w47575_s10.tif
2026-04-20-13-36-20.csv,43.02824253,12.57476324,264.18,189.4539031982422,74.72609680175782,w47575_s10.tif
2026-04-20-13-36-20.csv,43.0278033,12.57446074,264.4,188.9069061279297,75.49309387207029,w47575_s10.tif
2026-04-20-13-36-20.csv,43.02732989,12.57413928,264.45,189.10580444335938,75.34419555664061,w47575_s10.tif
2026-04-20-13-36-20.csv,43.02698116,12.57376083,264.97,189.4022979736328,75.56770202636721,w47575_s10.tif
2026-04-20-13-36-20.csv,43.02726593,12.57321284,264.75,189.52699279785156,75.22300720214844,w47575_s10.tif
2026-04-20-13-36-20.csv,43.02756132,12.57290946,263.27,189.57310485839844,73.69689514160154,w47575_s10.tif
2026-04-20-13-36-20.csv,43.02794823,12.57310683,262.38,189.64810180664062,72.73189819335937,w47575_s10.tif
2026-04-20-13-36-20.csv,43.02840096,12.57351729,261.35,189.67579650878906,71.67420349121096,w47575_s10.tif
2026-04-20-13-36-20.csv,43.02864468,12.57372586,260.12,189.7595977783203,70.36040222167969,w47575_s10.tif
2026-04-20-13-36-20.csv,43.02902985,12.57401092,260.62,189.8874969482422,70.73250305175782,w47575_s10.tif
2026-04-20-13-36-20.csv,43.02942511,12.57421161,260.78,190.11329650878906,70.66670349121091,w47575_s10.tif
2026-04-20-13-36-20.csv,43.02984619,12.57442592,261.61,190.89039611816406,70.71960388183595,w47575_s10.tif
2026-04-20-13-36-20.csv,43.02998963,12.5744984,261.27,190.9113006591797,70.3586993408203,w47575_s10.tif
2026-04-20-13-36-20.csv,43.03041114,12.57470196,261.29,191.16329956054688,70.12670043945315,w47575_s10.tif
2026-04-20-13-36-20.csv,43.03083868,12.57491814,261.54,191.42959594726562,70.1104040527344,w47575_s10.tif
2026-04-20-13-36-20.csv,43.03126091,12.57512083,261.44,191.75469970703125,69.68530029296875,w47575_s10.tif
2026-04-20-13-36-20.csv,43.03176057,12.57513218,261.45,191.99070739746094,69.45929260253905,w47575_s10.tif
2026-04-20-13-36-20.csv,43.03144503,12.57460672,261.79,191.7440948486328,70.04590515136721,w47575_s10.tif
2026-04-20-13-36-20.csv,43.03096072,12.57433162,262.82,191.4698028564453,71.35019714355468,w47575_s10.tif
2026-04-20-13-36-20.csv,43.03057963,12.57409796,262.76,191.37950134277344,71.38049865722655,w47575_s10.tif
2026-04-20-13-36-20.csv,43.03019226,12.57383687,263.25,191.22079467773438,72.02920532226562,w47575_s10.tif
2026-04-20-13-36-20.csv,43.02982593,12.57353257,261.84,190.8614959716797,70.97850402832029,w47575_s10.tif
2026-04-20-13-36-20.csv,43.0297425,12.5734419,262.24,190.69749450683594,71.54250549316407,w47575_s10.tif
2026-04-20-13-36-20.csv,43.02945358,12.57303426,266.46,190.22889709472656,76.23110290527342,w47575_s10.tif
2026-04-20-13-36-20.csv,43.02914234,12.57259304,262.48,189.94419860839844,72.53580139160158,w47575_s10.tif
2026-04-20-13-36-20.csv,43.02890995,12.57206369,261.97,189.93409729003906,72.03590270996096,w47575_s10.tif
2026-04-20-13-36-20.csv,43.02877425,12.57150346,261.96,189.6761932373047,72.28380676269529,w47575_s10.tif
2026-04-20-13-36-20.csv,43.02910733,12.57131822,264.73,189.68319702148438,75.04680297851564,w47575_s10.tif
2026-04-20-13-36-20.csv,43.02958422,12.57122053,262.02,189.93460083007812,72.08539916992186,w47575_s10.tif
2026-04-20-13-36-20.csv,43.03010598,12.57112054,262.15,190.464599609375,71.68540039062498,w47575_s10.tif
2026-04-20-13-36-20.csv,43.03035921,12.57107856,261.48,190.6490936279297,70.83090637207033,w47575_s10.tif
2026-04-20-13-36-20.csv,43.03085905,12.57098496,261.39,190.99859619140625,70.39140380859374,w47575_s10.tif
2026-04-20-13-36-20.csv,43.03133564,12.5708954,261.45,191.3271942138672,70.1228057861328,w47575_s10.tif
2026-04-20-13-36-20.csv,43.03179263,12.57082409,261.83,191.7498016357422,70.0801983642578,w47575_s10.tif
2026-04-20-13-36-20.csv,43.03220562,12.57110783,262.81,192.40679931640625,70.40320068359375,w47575_s10.tif
2026-04-20-13-36-20.csv,43.03233872,12.57146155,262.04,192.39529418945312,69.6447058105469,w47575_s10.tif
2026-04-20-13-36-20.csv,43.0322266,12.57201242,261.64,192.08099365234375,69.55900634765624,w47575_s10.tif
2026-04-20-13-36-20.csv,43.03181453,12.57239867,260.83,191.82330322265625,69.00669677734373,w47575_s10.tif
2026-04-20-13-36-20.csv,43.03181453,12.57239867,260.83,191.82330322265625,69.00669677734373,w47575_s10.tif
2026-04-20-13-36-20.csv,43.0314231,12.57267777,261.23,192.00889587402344,69.22110412597658,w47575_s10.tif
2026-04-20-13-36-20.csv,43.03097924,12.57293919,259.18,192.0157928466797,67.16420715332032,w47575_s10.tif
2026-04-20-13-36-20.csv,43.03056702,12.57324577,259.9,191.48199462890625,68.41800537109373,w47575_s10.tif
2026-04-20-13-36-20.csv,43.03031465,12.57371832,259.59,191.32769775390625,68.26230224609372,w47575_s10.tif
2026-04-20-13-36-20.csv,43.03009677,12.57421601,259.78,191.07940673828125,68.70059326171872,w47575_s10.tif
2026-04-20-13-36-20.csv,43.03009677,12.57421601,259.78,191.07940673828125,68.70059326171872,w47575_s10.tif
2026-04-20-13-36-20.csv,43.02982366,12.57469943,259.53,190.77999877929688,68.7500012207031,w47575_s10.tif
2026-04-20-13-36-20.csv,43.0295199,12.57518425,260.3,190.59890747070312,69.70109252929689,w47575_s10.tif
2026-04-20-13-36-20.csv,43.02927246,12.57477997,265.36,190.20089721679688,75.15910278320314,w47575_s10.tif
2026-04-20-13-36-20.csv,43.02954665,12.57419406,260.15,190.33619689941406,69.81380310058591,w47575_s10.tif
2026-04-20-13-36-20.csv,43.02983422,12.57366328,263.5,190.82650756835938,72.67349243164062,w47575_s10.tif
2026-04-20-13-36-20.csv,43.03018107,12.57319127,263.01,190.9803924560547,72.0296075439453,w47575_s10.tif
2026-04-20-13-36-20.csv,43.0304955,12.57278403,256.4,190.99330139160156,65.40669860839841,w47575_s10.tif
2026-04-20-13-36-20.csv,43.030805,12.57239519,258.07,191.38519287109375,66.68480712890624,w47575_s10.tif
2026-04-20-13-36-20.csv,43.03105985,12.57207281,256.35,191.7115020751953,64.63849792480471,w47575_s10.tif
2026-04-20-13-36-20.csv,43.03107868,12.5714764,262.75,191.33779907226562,71.41220092773438,w47575_s10.tif
2026-04-20-13-36-20.csv,43.03075156,12.571091,257.49,190.92889404296875,66.56110595703126,w47575_s10.tif
2026-04-20-13-36-20.csv,43.0304676,12.57157444,257.71,190.5258026123047,67.18419738769529,w47575_s10.tif
2026-04-20-13-36-20.csv,43.03043546,12.5717984,258.86,190.41160583496094,68.44839416503908,w47575_s10.tif
2026-04-20-13-36-20.csv,43.030367,12.57240745,258.06,190.6240997314453,67.43590026855469,w47575_s10.tif
2026-04-20-13-36-20.csv,43.03029763,12.572958,258.46,190.87989807128906,67.58010192871092,w47575_s10.tif
2026-04-20-13-36-20.csv,43.0302247,12.57351084,257.98,191.28050231933594,66.69949768066408,w47575_s10.tif
2026-04-20-13-36-20.csv,43.03044039,12.5740075,261.85,191.3166046142578,70.53339538574221,w47575_s10.tif
2026-04-20-13-36-20.csv,43.03086918,12.57442281,258.55,191.43460083007812,67.11539916992189,w47575_s10.tif
2026-04-20-13-36-20.csv,43.03132339,12.5747455,258.62,191.6717071533203,66.94829284667969,w47575_s10.tif
2026-04-20-13-36-20.csv,43.03176287,12.57473688,258.8,191.89410400390625,66.90589599609376,w47575_s10.tif
2026-04-20-13-36-20.csv,43.03221387,12.57458108,259.76,192.28399658203125,67.47600341796874,w47575_s10.tif
2026-04-20-13-36-20.csv,43.0326588,12.57428542,262.43,192.6374969482422,69.79250305175782,w47575_s10.tif
2026-04-20-13-36-20.csv,43.03274643,12.574182,262.09,192.69459533691406,69.39540466308591,w47575_s10.tif
2026-04-20-13-36-20.csv,43.03305809,12.57366326,261.08,192.84190368652344,68.23809631347655,w47575_s10.tif
2026-04-20-13-36-20.csv,43.03298237,12.57306156,262.06,192.7978057861328,69.26219421386719,w47575_s10.tif
2026-04-20-13-36-20.csv,43.0325348,12.57317115,261.2,192.43130493164062,68.76869506835936,w47575_s10.tif
2026-04-20-13-36-20.csv,43.03211932,12.5734373,261.5,192.14639282226562,69.35360717773438,w47575_s10.tif
2026-04-20-13-36-20.csv,43.0316848,12.57371502,259.21,191.79879760742188,67.4112023925781,w47575_s10.tif
2026-04-20-13-36-20.csv,43.03125179,12.57397035,259.07,191.6614990234375,67.4085009765625,w47575_s10.tif
2026-04-20-13-36-20.csv,43.03102783,12.57345126,260.21,191.76849365234375,68.44150634765623,w47575_s10.tif
2026-04-20-13-36-20.csv,43.03134714,12.57299716,259.56,191.97340393066406,67.58659606933594,w47575_s10.tif
2026-04-20-13-36-20.csv,43.03134714,12.57299716,259.56,191.97340393066406,67.58659606933594,w47575_s10.tif
2026-04-20-13-36-20.csv,43.03169538,12.57256562,259.82,191.8533935546875,67.9666064453125,w47575_s10.tif
2026-04-20-13-36-20.csv,43.03202564,12.57207774,264.12,191.81390380859375,72.30609619140625,w47575_s10.tif
2026-04-20-13-36-20.csv,43.03206766,12.57180272,262.97,191.872802734375,71.09719726562503,w47575_s10.tif
2026-04-20-13-36-20.csv,43.03171602,12.57143052,258.88,191.50570678710938,67.37429321289062,w47575_s10.tif
2026-04-20-13-36-20.csv,43.03135274,12.57111088,265.02,191.24240112304688,73.7775988769531,w47575_s10.tif
2026-04-20-13-36-20.csv,43.03092207,12.57108767,264.33,191.00900268554688,73.32099731445311,w47575_s10.tif
2026-04-20-13-36-20.csv,43.03071208,12.57168001,262.44,190.78359985351562,71.65640014648437,w47575_s10.tif
2026-04-20-13-36-20.csv,43.03062926,12.57225657,261.17,190.93460083007812,70.23539916992189,w47575_s10.tif
2026-04-20-13-36-20.csv,43.0305742,12.57288491,260.66,191.16949462890625,69.49050537109378,w47575_s10.tif
2026-04-20-13-36-20.csv,43.0305665,12.57320164,261.07,191.48199462890625,69.58800537109374,w47575_s10.tif
2026-04-20-13-36-20.csv,43.03042841,12.57377043,261.31,191.34280395507812,69.96719604492188,w47575_s10.tif
2026-04-20-13-36-20.csv,43.0302611,12.57428188,261.34,191.15809631347656,70.18190368652341,w47575_s10.tif
2026-04-20-13-36-20.csv,43.03010918,12.57440706,261.69,191.0635986328125,70.6264013671875,w47575_s10.tif
2026-04-20-13-36-20.csv,43.0300208,12.57379674,263.0,191.12289428710938,71.87710571289062,w47575_s10.tif
2026-04-20-13-36-20.csv,43.03029119,12.5734173,240.05,191.19259643554688,48.857403564453136,w47575_s10.tif
2026-04-20-13-36-20.csv,43.03029195,12.57341625,247.33,191.19259643554688,56.13740356445314,w47575_s10.tif
2026-04-20-13-36-20.csv,43.03029187,12.57341633,245.52,191.19259643554688,54.327403564453135,w47575_s10.tif
2026-04-20-13-36-20.csv,43.03029207,12.57341589,241.99,191.19259643554688,50.797403564453134,w47575_s10.tif
2026-04-20-13-49-08.csv,43.02716645,12.58774452,258.36,192.0529022216797,66.30709777832033,w47575_s10.tif
2026-04-20-13-49-08.csv,43.02716683,12.58774439,259.03,192.0529022216797,66.97709777832029,w47575_s10.tif
2026-04-20-13-49-08.csv,43.02685697,12.58734928,260.38,192.10360717773438,68.27639282226562,w47575_s10.tif
2026-04-20-13-49-08.csv,43.02639431,12.58718885,260.54,191.8594970703125,68.68050292968752,w47575_s10.tif
2026-04-20-13-49-08.csv,43.02594924,12.58690234,259.59,191.57220458984375,68.01779541015622,w47575_s10.tif
2026-04-20-13-49-08.csv,43.02568917,12.58645123,260.19,191.2572021484375,68.9327978515625,w47575_s10.tif
2026-04-20-13-49-08.csv,43.02567789,12.58587857,260.83,191.01609802246094,69.81390197753905,w47575_s10.tif
2026-04-20-13-49-08.csv,43.02573816,12.5851757,260.81,190.856201171875,69.953798828125,w47575_s10.tif
2026-04-20-13-49-08.csv,43.02580292,12.58457889,260.95,190.8907012939453,70.05929870605468,w47575_s10.tif
2026-04-20-13-49-08.csv,43.02586457,12.583959,261.03,191.0157012939453,70.01429870605466,w47575_s10.tif
2026-04-20-13-49-08.csv,43.02608156,12.58338743,267.41,190.9127960205078,76.49720397949221,w47575_s10.tif
2026-04-20-13-49-08.csv,43.02654341,12.58366279,264.29,191.05039978027344,73.23960021972658,w47575_s10.tif
2026-04-20-13-49-08.csv,43.02693796,12.58409548,264.67,191.43209838867188,73.23790161132814,w47575_s10.tif
2026-04-20-13-49-08.csv,43.02710751,12.58466115,264.84,191.38690185546875,73.45309814453122,w47575_s10.tif
2026-04-20-13-49-08.csv,43.02726781,12.58536414,267.17,191.57119750976562,75.59880249023439,w47575_s10.tif
2026-04-20-13-49-08.csv,43.02730167,12.58608426,264.05,191.87229919433594,72.17770080566407,w47575_s10.tif
2026-04-20-13-49-08.csv,43.02724514,12.5866404,263.24,192.2178955078125,71.02210449218751,w47575_s10.tif
2026-04-20-13-49-08.csv,43.02723362,12.58682374,262.45,192.35260009765625,70.09739990234374,w47575_s10.tif
2026-04-20-13-49-08.csv,43.02719117,12.58742876,261.38,192.1490936279297,69.23090637207031,w47575_s10.tif
2026-04-20-13-49-08.csv,43.02715728,12.58799021,263.88,192.20860290527344,71.67139709472656,w47575_s10.tif
2026-04-20-13-49-08.csv,43.02710671,12.58867328,264.77,192.56809997558594,72.20190002441404,w47575_s10.tif
2026-04-20-13-49-08.csv,43.02704234,12.58933927,264.44,192.92709350585938,71.51290649414062,w47575_s10.tif
2026-04-20-13-49-08.csv,43.02704257,12.58997119,269.99,193.1280975341797,76.86190246582032,w47575_s10.tif
2026-04-20-13-49-08.csv,43.02715361,12.59016451,265.33,192.92059326171875,72.40940673828123,w47575_s10.tif
2026-04-20-13-49-08.csv,43.02721378,12.58958573,263.8,193.12429809570312,70.67570190429689,w47575_s10.tif
2026-04-20-13-49-08.csv,43.0271152,12.58901928,265.62,192.7156982421875,72.9043017578125,w47575_s10.tif
2026-04-20-13-49-08.csv,43.027206,12.5884438,265.45,192.51150512695312,72.93849487304686,w47575_s10.tif
2026-04-20-13-49-08.csv,43.02714943,12.58778337,266.56,191.9644012451172,74.59559875488281,w47575_s10.tif
2026-04-20-13-49-08.csv,43.02692314,12.58714337,268.13,192.26870727539062,75.86129272460937,w47575_s10.tif
2026-04-20-13-49-08.csv,43.02670162,12.58652282,268.93,191.773193359375,77.156806640625,w47575_s10.tif
2026-04-20-13-49-08.csv,43.02648297,12.58591407,269.32,191.4427947998047,77.8772052001953,w47575_s10.tif
2026-04-20-13-49-08.csv,43.02623627,12.58536131,268.74,191.1479949951172,77.59200500488282,w47575_s10.tif
2026-04-20-13-49-08.csv,43.02581612,12.58560198,268.41,191.01319885253906,77.39680114746096,w47575_s10.tif
2026-04-20-13-49-08.csv,43.0255669,12.58613497,269.85,191.0677032470703,78.78229675292971,w47575_s10.tif
2026-04-20-13-49-08.csv,43.0255669,12.58613497,269.85,191.0677032470703,78.78229675292971,w47575_s10.tif
2026-04-20-13-49-08.csv,43.02565101,12.58672145,277.49,191.2053985595703,86.2846014404297,w47575_s10.tif
2026-04-20-13-49-08.csv,43.02604243,12.58690554,279.6,191.63600158691406,87.96399841308596,w47575_s10.tif
2026-04-20-13-49-08.csv,43.02652312,12.58715528,280.08,191.9188995361328,88.16110046386717,w47575_s10.tif
2026-04-20-13-49-08.csv,43.02689326,12.587541,271.2,191.93679809570312,79.26320190429686,w47575_s10.tif
2026-04-20-13-49-08.csv,43.02688721,12.58777189,270.21,191.831298828125,78.37870117187498,w47575_s10.tif
2026-04-20-13-49-08.csv,43.02659455,12.5882796,271.1,191.79519653320312,79.3048034667969,w47575_s10.tif
2026-04-20-13-49-08.csv,43.02635393,12.58825058,272.99,191.6320037841797,81.35799621582032,w47575_s10.tif
2026-04-20-13-49-08.csv,43.02646526,12.58767271,272.14,191.70750427246094,80.43249572753905,w47575_s10.tif
2026-04-20-13-49-08.csv,43.02668404,12.5871151,275.87,192.09019470214844,83.77980529785157,w47575_s10.tif
2026-04-20-13-49-08.csv,43.02702805,12.58669589,273.92,192.1634979248047,81.75650207519533,w47575_s10.tif
2026-04-20-13-49-08.csv,43.0272508,12.58672948,272.99,192.285400390625,80.70459960937501,w47575_s10.tif
2026-04-20-13-49-08.csv,43.02752417,12.58717876,271.06,192.34010314941406,78.71989685058594,w47575_s10.tif
2026-04-20-13-49-08.csv,43.02767758,12.5877295,271.11,192.36090087890625,78.74909912109376,w47575_s10.tif
2026-04-20-13-49-08.csv,43.02722134,12.58777871,268.55,192.0529022216797,76.49709777832032,w47575_s10.tif
2026-04-20-13-49-08.csv,43.02692485,12.58726431,261.64,192.21580505371094,69.42419494628905,w47575_s10.tif
2026-04-20-13-49-08.csv,43.02710887,12.58780574,261.54,192.04220581054688,69.49779418945315,w47575_s10.tif
2026-04-20-15-01-19.csv,43.01411136,12.58376077,255.46,187.6175994873047,67.84240051269532,w47575_s10.tif
2026-04-20-15-01-19.csv,43.01431111,12.58324486,262.76,187.79400634765625,74.96599365234374,w47575_s10.tif
2026-04-20-15-01-19.csv,43.01452497,12.58265478,262.79,187.54449462890625,75.24550537109377,w47575_s10.tif
2026-04-20-15-01-19.csv,43.01472004,12.58211508,263.6,186.58689880371094,77.01310119628909,w47575_s10.tif
2026-04-20-15-01-19.csv,43.01496411,12.58147929,262.91,185.61520385742188,77.29479614257815,w47575_s10.tif
2026-04-20-15-01-19.csv,43.01515329,12.58093969,262.74,185.31069946289062,77.42930053710938,w47575_s10.tif
2026-04-20-15-01-19.csv,43.01535114,12.58039645,262.26,185.0821075439453,77.17789245605468,w47575_s10.tif
2026-04-20-15-01-19.csv,43.01556199,12.57984732,262.38,185.2113037109375,77.1686962890625,w47575_s10.tif
2026-04-20-15-01-19.csv,43.01577677,12.57929613,261.69,185.0406036376953,76.64939636230469,w47575_s10.tif
2026-04-20-15-01-19.csv,43.01577677,12.57929613,261.69,185.0406036376953,76.64939636230469,w47575_s10.tif
2026-04-20-15-01-19.csv,43.01597042,12.57879821,261.21,185.08180236816406,76.12819763183592,w47575_s10.tif
2026-04-20-15-01-19.csv,43.0157274,12.5786295,261.93,185.55599975585938,76.37400024414063,w47575_s10.tif
2026-04-20-15-01-19.csv,43.01526433,12.57850996,261.29,186.0688018798828,75.22119812011721,w47575_s10.tif
2026-04-20-15-01-19.csv,43.01477314,12.57840438,261.79,186.5670928955078,75.22290710449221,w47575_s10.tif
2026-04-20-15-01-19.csv,43.01428251,12.57824949,260.99,187.27430725097656,73.71569274902345,w47575_s10.tif
2026-04-20-15-01-19.csv,43.01405107,12.57876233,257.1,187.3820037841797,69.71799621582034,w47575_s10.tif
2026-04-20-15-01-19.csv,43.01405107,12.57876233,257.1,187.3820037841797,69.71799621582034,w47575_s10.tif
2026-04-20-15-01-19.csv,43.0139624,12.57940457,258.32,187.67320251464844,70.64679748535156,w47575_s10.tif
2026-04-20-15-01-19.csv,43.01383248,12.57993353,256.93,187.82269287109375,69.10730712890626,w47575_s10.tif
2026-04-20-15-01-19.csv,43.01370285,12.58048269,256.91,187.67990112304688,69.23009887695315,w47575_s10.tif
2026-04-20-15-01-19.csv,43.01357012,12.58102662,257.0,187.51390075683594,69.48609924316406,w47575_s10.tif
2026-04-20-15-01-19.csv,43.01343963,12.58163995,256.67,187.52220153808594,69.14779846191408,w47575_s10.tif
2026-04-20-15-01-19.csv,43.01329789,12.58224964,256.96,187.46359252929688,69.4964074707031,w47575_s10.tif
2026-04-20-15-01-19.csv,43.01316444,12.58279691,257.11,187.50039672851562,69.60960327148439,w47575_s10.tif
2026-04-20-15-01-19.csv,43.01298485,12.58349588,256.75,187.4488983154297,69.30110168457031,w47575_s10.tif
2026-04-20-15-01-19.csv,43.01282114,12.58415584,256.06,187.22979736328125,68.83020263671875,w47575_s10.tif
2026-04-20-15-01-19.csv,43.01275613,12.58474023,256.13,187.29600524902344,68.83399475097656,w47575_s10.tif
2026-04-20-15-01-19.csv,43.01313248,12.58506584,254.97,187.13150024414062,67.83849975585937,w47575_s10.tif
2026-04-20-15-01-19.csv,43.01348698,12.58540213,254.37,187.2487030029297,67.12129699707032,w47575_s10.tif
2026-04-20-15-01-19.csv,43.01390436,12.58579581,254.36,187.35609436035156,67.00390563964845,w47575_s10.tif
2026-04-20-15-01-19.csv,43.01424876,12.58612029,258.48,187.47329711914062,71.0067028808594,w47575_s10.tif
2026-04-20-15-01-19.csv,43.01459914,12.58643049,258.83,187.49240112304688,71.33759887695311,w47575_s10.tif
2026-04-20-15-01-19.csv,43.01501891,12.58682615,259.59,187.48109436035156,72.10890563964841,w47575_s10.tif
2026-04-20-15-01-19.csv,43.01546259,12.58727061,258.91,187.47470092773438,71.43529907226565,w47575_s10.tif
2026-04-20-15-01-19.csv,43.01589621,12.58732545,258.83,187.6118927001953,71.21810729980467,w47575_s10.tif
2026-04-20-15-01-19.csv,43.016286,12.58686839,258.03,187.92849731445312,70.10150268554685,w47575_s10.tif
2026-04-20-15-01-19.csv,43.01662672,12.5865171,264.39,188.0247039794922,76.3652960205078,w47575_s10.tif
2026-04-20-15-01-19.csv,43.01646322,12.58595318,264.34,187.8220977783203,76.51790222167966,w47575_s10.tif
2026-04-20-15-01-19.csv,43.01616846,12.58554876,264.57,187.64950561523438,76.92049438476562,w47575_s10.tif
2026-04-20-15-01-19.csv,43.01578746,12.58518128,264.96,187.6143035888672,77.34569641113279,w47575_s10.tif
2026-04-20-15-01-19.csv,43.01537229,12.58479488,264.39,187.54969787597656,76.84030212402342,w47575_s10.tif
2026-04-20-15-01-19.csv,43.01497203,12.58438442,261.24,187.45419311523438,73.78580688476563,w47575_s10.tif
2026-04-20-15-01-19.csv,43.01459745,12.5839922,258.52,187.70449829101562,70.81550170898436,w47575_s10.tif
2026-04-20-15-01-19.csv,43.01461083,12.58332289,257.98,187.9521942138672,70.02780578613283,w47575_s10.tif
2026-04-20-15-01-19.csv,43.01477305,12.58275042,257.82,187.54440307617188,70.27559692382812,w47575_s10.tif
2026-04-20-15-01-19.csv,43.01432344,12.58297282,258.09,187.56370544433594,70.52629455566404,w47575_s10.tif
2026-04-20-15-01-19.csv,43.01372923,12.5826781,258.24,187.2252960205078,71.0147039794922,w47575_s10.tif
2026-04-20-15-01-19.csv,43.01324366,12.58236011,257.85,187.58770751953125,70.26229248046877,w47575_s10.tif
2026-04-20-15-01-19.csv,43.01295699,12.58276964,256.3,187.6121063232422,68.68789367675782,w47575_s10.tif
2026-04-20-15-01-19.csv,43.01314446,12.58342858,255.77,187.4405059814453,68.3294940185547,w47575_s10.tif
2026-04-20-15-01-19.csv,43.01326996,12.58396744,256.48,187.23890686035156,69.24109313964846,w47575_s10.tif
2026-04-20-15-01-19.csv,43.0132518,12.58462337,255.54,187.02670288085938,68.51329711914062,w47575_s10.tif
2026-04-20-15-01-19.csv,43.01319749,12.58528034,256.57,187.19839477539062,69.37160522460937,w47575_s10.tif
2026-04-20-15-01-19.csv,43.01350355,12.58570153,255.38,187.3188018798828,68.06119812011718,w47575_s10.tif
2026-04-20-15-01-19.csv,43.01396232,12.58551314,256.15,187.35220336914062,68.79779663085935,w47575_s10.tif
2026-04-20-15-01-19.csv,43.01429389,12.5851006,256.31,187.4228973388672,68.88710266113281,w47575_s10.tif
2026-04-20-15-01-19.csv,43.01459887,12.58456731,255.64,187.63720703125,68.00279296874999,w47575_s10.tif
2026-04-20-15-01-19.csv,43.01481531,12.58392413,256.7,187.4261016845703,69.27389831542968,w47575_s10.tif
2026-04-20-15-01-19.csv,43.01499879,12.58341397,257.51,187.3914031982422,70.1185968017578,w47575_s10.tif
2026-04-20-15-01-19.csv,43.0152496,12.58278468,257.3,187.4761962890625,69.82380371093751,w47575_s10.tif
2026-04-20-15-01-19.csv,43.01511137,12.58209625,256.59,186.5507049560547,70.03929504394529,w47575_s10.tif
2026-04-20-15-01-19.csv,43.01470694,12.58139392,256.17,185.42239379882812,70.74760620117189,w47575_s10.tif
2026-04-20-15-01-19.csv,43.01429191,12.58067053,258.65,186.7678985595703,71.88210144042966,w47575_s10.tif
2026-04-20-15-01-19.csv,43.01401434,12.58022682,258.91,187.65589904785156,71.25410095214846,w47575_s10.tif
2026-04-20-15-01-19.csv,43.01362213,12.5804147,258.19,187.7180938720703,70.47190612792969,w47575_s10.tif
2026-04-20-15-01-19.csv,43.01366297,12.58081197,259.0,187.4207000732422,71.57929992675781,w47575_s10.tif
2026-04-20-15-01-19.csv,43.01376179,12.58147393,257.51,186.90020751953125,70.60979248046874,w47575_s10.tif
2026-04-20-15-01-19.csv,43.01390218,12.5821797,255.29,186.83450317382812,68.45549682617187,w47575_s10.tif
2026-04-20-15-01-19.csv,43.01402984,12.5827236,255.11,187.220703125,67.88929687500001,w47575_s10.tif
2026-04-20-15-01-19.csv,43.01417717,12.58330594,255.19,187.7292938232422,67.46070617675781,w47575_s10.tif
2026-04-20-15-01-19.csv,43.01428368,12.58386891,255.5,188.1781005859375,67.3218994140625,w47575_s10.tif
2026-04-20-15-01-19.csv,43.01441803,12.58444393,256.14,187.9232940673828,68.21670593261717,w47575_s10.tif
2026-04-20-15-01-19.csv,43.01441803,12.58444393,256.14,187.9232940673828,68.21670593261717,w47575_s10.tif
2026-04-20-15-01-19.csv,43.01451963,12.58500098,254.93,187.51010131835938,67.41989868164063,w47575_s10.tif
2026-04-20-15-01-19.csv,43.01404723,12.58513761,259.08,187.3596954345703,71.72030456542967,w47575_s10.tif
2026-04-20-15-01-19.csv,43.01404723,12.58513761,259.08,187.3596954345703,71.72030456542967,w47575_s10.tif
2026-04-20-15-01-19.csv,43.013606,12.58492514,257.6,187.24630737304688,70.35369262695315,w47575_s10.tif
2026-04-20-15-01-19.csv,43.01319784,12.58454119,257.77,186.96800231933594,70.80199768066404,w47575_s10.tif
2026-04-20-15-01-19.csv,43.01339195,12.58395986,255.78,187.28140258789062,68.49859741210938,w47575_s10.tif
2026-04-20-15-01-19.csv,43.01380781,12.58381337,253.43,185.99530029296875,67.43469970703126,w47575_s10.tif
2026-04-20-15-01-19.csv,43.01380781,12.58381337,253.43,185.99530029296875,67.43469970703126,w47575_s10.tif
2026-04-20-15-18-06.csv,43.0243554,12.5283036,238.75,185.42520141601562,53.324798583984375,w47575_s10.tif
2026-04-20-15-18-06.csv,43.0243554,12.5283036,238.75,185.42520141601562,53.324798583984375,w47575_s10.tif
2026-04-20-15-18-06.csv,43.0243554,12.5283036,238.75,185.42520141601562,53.324798583984375,w47575_s10.tif
2026-04-20-15-18-06.csv,43.0243554,12.5283036,238.75,185.42520141601562,53.324798583984375,w47575_s10.tif
2026-04-20-15-18-06.csv,43.0243554,12.5283036,238.75,185.42520141601562,53.324798583984375,w47575_s10.tif
2026-04-20-15-18-06.csv,43.0243554,12.5283036,238.75,185.42520141601562,53.324798583984375,w47575_s10.tif
2026-04-20-15-18-06.csv,43.02471533,12.52864198,250.96,185.6020965576172,65.35790344238282,w47575_s10.tif
2026-04-20-15-18-06.csv,43.02471533,12.52864198,250.96,185.6020965576172,65.35790344238282,w47575_s10.tif
2026-04-20-15-18-06.csv,43.02471533,12.52864198,250.96,185.6020965576172,65.35790344238282,w47575_s10.tif
2026-04-20-15-18-06.csv,43.02471533,12.52864198,250.96,185.6020965576172,65.35790344238282,w47575_s10.tif
2026-04-20-15-18-06.csv,43.02471533,12.52864198,250.96,185.6020965576172,65.35790344238282,w47575_s10.tif
2026-04-20-15-18-06.csv,43.02471533,12.52864198,250.96,185.6020965576172,65.35790344238282,w47575_s10.tif
2026-04-20-15-18-06.csv,43.02471533,12.52864198,250.96,185.6020965576172,65.35790344238282,w47575_s10.tif
2026-04-20-15-18-06.csv,43.02510613,12.5289619,253.13,185.1822967529297,67.94770324707031,w47575_s10.tif
2026-04-20-15-18-06.csv,43.02510613,12.5289619,253.13,185.1822967529297,67.94770324707031,w47575_s10.tif
2026-04-20-15-18-06.csv,43.02510613,12.5289619,253.13,185.1822967529297,67.94770324707031,w47575_s10.tif
2026-04-20-15-18-06.csv,43.02510613,12.5289619,253.13,185.1822967529297,67.94770324707031,w47575_s10.tif
2026-04-20-15-18-06.csv,43.02510613,12.5289619,253.13,185.1822967529297,67.94770324707031,w47575_s10.tif
2026-04-20-15-18-06.csv,43.02510613,12.5289619,253.13,185.1822967529297,67.94770324707031,w47575_s10.tif
2026-04-20-15-18-06.csv,43.02510613,12.5289619,253.13,185.1822967529297,67.94770324707031,w47575_s10.tif
2026-04-20-15-18-06.csv,43.02552818,12.52920997,249.77,185.26620483398438,64.50379516601564,w47575_s10.tif
2026-04-20-15-18-06.csv,43.02552818,12.52920997,249.77,185.26620483398438,64.50379516601564,w47575_s10.tif
2026-04-20-15-18-06.csv,43.02552818,12.52920997,249.77,185.26620483398438,64.50379516601564,w47575_s10.tif
2026-04-20-15-18-06.csv,43.02552818,12.52920997,249.77,185.26620483398438,64.50379516601564,w47575_s10.tif
2026-04-20-15-18-06.csv,43.02552818,12.52920997,249.77,185.26620483398438,64.50379516601564,w47575_s10.tif
2026-04-20-15-18-06.csv,43.02552818,12.52920997,249.77,185.26620483398438,64.50379516601564,w47575_s10.tif
2026-04-20-15-18-06.csv,43.02552818,12.52920997,249.77,185.26620483398438,64.50379516601564,w47575_s10.tif
2026-04-20-15-18-06.csv,43.02577939,12.52860921,250.16,185.6363983154297,64.52360168457031,w47575_s10.tif
2026-04-20-15-18-06.csv,43.02577939,12.52860921,250.16,185.6363983154297,64.52360168457031,w47575_s10.tif
2026-04-20-15-18-06.csv,43.02577939,12.52860921,250.16,185.6363983154297,64.52360168457031,w47575_s10.tif
2026-04-20-15-18-06.csv,43.02577939,12.52860921,250.16,185.6363983154297,64.52360168457031,w47575_s10.tif
2026-04-20-15-18-06.csv,43.02577939,12.52860921,250.16,185.6363983154297,64.52360168457031,w47575_s10.tif
2026-04-20-15-18-06.csv,43.02577939,12.52860921,250.16,185.6363983154297,64.52360168457031,w47575_s10.tif
2026-04-20-15-18-06.csv,43.02577939,12.52860921,250.16,185.6363983154297,64.52360168457031,w47575_s10.tif
2026-04-20-15-18-06.csv,43.02605278,12.52812686,252.01,185.70179748535156,66.30820251464843,w47575_s10.tif
2026-04-20-15-18-06.csv,43.02605278,12.52812686,252.01,185.70179748535156,66.30820251464843,w47575_s10.tif
2026-04-20-15-18-06.csv,43.02605278,12.52812686,252.01,185.70179748535156,66.30820251464843,w47575_s10.tif
2026-04-20-15-18-06.csv,43.02605278,12.52812686,252.01,185.70179748535156,66.30820251464843,w47575_s10.tif
2026-04-20-15-18-06.csv,43.02605278,12.52812686,252.01,185.70179748535156,66.30820251464843,w47575_s10.tif
2026-04-20-15-18-06.csv,43.02605278,12.52812686,252.01,185.70179748535156,66.30820251464843,w47575_s10.tif
2026-04-20-15-18-06.csv,43.02605278,12.52812686,252.01,185.70179748535156,66.30820251464843,w47575_s10.tif
2026-04-20-15-18-06.csv,43.02633585,12.52764969,253.1,185.68099975585938,67.41900024414062,w47575_s10.tif
2026-04-20-15-18-06.csv,43.02633585,12.52764969,253.1,185.68099975585938,67.41900024414062,w47575_s10.tif
2026-04-20-15-18-06.csv,43.02633585,12.52764969,253.1,185.68099975585938,67.41900024414062,w47575_s10.tif
2026-04-20-15-18-06.csv,43.02633585,12.52764969,253.1,185.68099975585938,67.41900024414062,w47575_s10.tif
2026-04-20-15-18-06.csv,43.02633585,12.52764969,253.1,185.68099975585938,67.41900024414062,w47575_s10.tif
2026-04-20-15-18-06.csv,43.02633585,12.52764969,253.1,185.68099975585938,67.41900024414062,w47575_s10.tif
2026-04-20-15-18-06.csv,43.02633585,12.52764969,253.1,185.68099975585938,67.41900024414062,w47575_s10.tif
2026-04-20-15-18-06.csv,43.02663746,12.52710554,251.94,185.65780639648438,66.28219360351562,w47575_s10.tif
2026-04-20-15-18-06.csv,43.02663746,12.52710554,251.94,185.65780639648438,66.28219360351562,w47575_s10.tif
2026-04-20-15-18-06.csv,43.02663746,12.52710554,251.94,185.65780639648438,66.28219360351562,w47575_s10.tif
2026-04-20-15-18-06.csv,43.02663746,12.52710554,251.94,185.65780639648438,66.28219360351562,w47575_s10.tif
2026-04-20-15-18-06.csv,43.02663746,12.52710554,251.94,185.65780639648438,66.28219360351562,w47575_s10.tif
2026-04-20-15-18-06.csv,43.02663746,12.52710554,251.94,185.65780639648438,66.28219360351562,w47575_s10.tif
2026-04-20-15-18-06.csv,43.02663746,12.52710554,251.94,185.65780639648438,66.28219360351562,w47575_s10.tif
2026-04-20-15-18-06.csv,43.02689402,12.52662858,251.84,185.71170043945312,66.12829956054688,w47575_s10.tif
2026-04-20-15-18-06.csv,43.02689402,12.52662858,251.84,185.71170043945312,66.12829956054688,w47575_s10.tif
2026-04-20-15-18-06.csv,43.02689402,12.52662858,251.84,185.71170043945312,66.12829956054688,w47575_s10.tif
2026-04-20-15-18-06.csv,43.02689402,12.52662858,251.84,185.71170043945312,66.12829956054688,w47575_s10.tif
2026-04-20-15-18-06.csv,43.02689402,12.52662858,251.84,185.71170043945312,66.12829956054688,w47575_s10.tif
2026-04-20-15-18-06.csv,43.02689402,12.52662858,251.84,185.71170043945312,66.12829956054688,w47575_s10.tif
2026-04-20-15-18-06.csv,43.02689402,12.52662858,251.84,185.71170043945312,66.12829956054688,w47575_s10.tif
2026-04-20-15-18-06.csv,43.02714126,12.52613813,253.28,185.7830047607422,67.49699523925781,w47575_s10.tif
2026-04-20-15-18-06.csv,43.02714126,12.52613813,253.28,185.7830047607422,67.49699523925781,w47575_s10.tif
2026-04-20-15-18-06.csv,43.02714126,12.52613813,253.28,185.7830047607422,67.49699523925781,w47575_s10.tif
2026-04-20-15-18-06.csv,43.02714126,12.52613813,253.28,185.7830047607422,67.49699523925781,w47575_s10.tif
2026-04-20-15-18-06.csv,43.02714126,12.52613813,253.28,185.7830047607422,67.49699523925781,w47575_s10.tif
2026-04-20-15-18-06.csv,43.02714126,12.52613813,253.28,185.7830047607422,67.49699523925781,w47575_s10.tif
2026-04-20-15-18-06.csv,43.02714126,12.52613813,253.28,185.7830047607422,67.49699523925781,w47575_s10.tif
2026-04-20-15-18-06.csv,43.02703371,12.52555651,253.12,186.03599548339844,67.08400451660157,w47575_s10.tif
2026-04-20-15-18-06.csv,43.02703371,12.52555651,253.12,186.03599548339844,67.08400451660157,w47575_s10.tif
2026-04-20-15-18-06.csv,43.02703371,12.52555651,253.12,186.03599548339844,67.08400451660157,w47575_s10.tif
2026-04-20-15-18-06.csv,43.02703371,12.52555651,253.12,186.03599548339844,67.08400451660157,w47575_s10.tif
2026-04-20-15-18-06.csv,43.02703371,12.52555651,253.12,186.03599548339844,67.08400451660157,w47575_s10.tif
2026-04-20-15-18-06.csv,43.02703371,12.52555651,253.12,186.03599548339844,67.08400451660157,w47575_s10.tif
2026-04-20-15-18-06.csv,43.02703371,12.52555651,253.12,186.03599548339844,67.08400451660157,w47575_s10.tif
2026-04-20-15-18-06.csv,43.02663561,12.52516032,252.99,185.8582000732422,67.13179992675782,w47575_s10.tif
2026-04-20-15-18-06.csv,43.02663561,12.52516032,252.99,185.8582000732422,67.13179992675782,w47575_s10.tif
2026-04-20-15-18-06.csv,43.02663561,12.52516032,252.99,185.8582000732422,67.13179992675782,w47575_s10.tif
2026-04-20-15-18-06.csv,43.02663561,12.52516032,252.99,185.8582000732422,67.13179992675782,w47575_s10.tif
2026-04-20-15-18-06.csv,43.02663561,12.52516032,252.99,185.8582000732422,67.13179992675782,w47575_s10.tif
2026-04-20-15-18-06.csv,43.02663561,12.52516032,252.99,185.8582000732422,67.13179992675782,w47575_s10.tif
2026-04-20-15-18-06.csv,43.02663561,12.52516032,252.99,185.8582000732422,67.13179992675782,w47575_s10.tif
2026-04-20-15-18-06.csv,43.0262048,12.5247318,253.98,185.8292999267578,68.15070007324218,w47575_s10.tif
2026-04-20-15-18-06.csv,43.0262048,12.5247318,253.98,185.8292999267578,68.15070007324218,w47575_s10.tif
2026-04-20-15-18-06.csv,43.0262048,12.5247318,253.98,185.8292999267578,68.15070007324218,w47575_s10.tif
2026-04-20-15-18-06.csv,43.0262048,12.5247318,253.98,185.8292999267578,68.15070007324218,w47575_s10.tif
2026-04-20-15-18-06.csv,43.0262048,12.5247318,253.98,185.8292999267578,68.15070007324218,w47575_s10.tif
2026-04-20-15-18-06.csv,43.0262048,12.5247318,253.98,185.8292999267578,68.15070007324218,w47575_s10.tif
2026-04-20-15-18-06.csv,43.0262048,12.5247318,253.98,185.8292999267578,68.15070007324218,w47575_s10.tif
2026-04-20-15-18-06.csv,43.02576075,12.52428758,254.0,185.1024932861328,68.89750671386719,w47575_s10.tif
2026-04-20-15-18-06.csv,43.02576075,12.52428758,254.0,185.1024932861328,68.89750671386719,w47575_s10.tif
2026-04-20-15-18-06.csv,43.02576075,12.52428758,254.0,185.1024932861328,68.89750671386719,w47575_s10.tif
2026-04-20-15-18-06.csv,43.02576075,12.52428758,254.0,185.1024932861328,68.89750671386719,w47575_s10.tif
2026-04-20-15-18-06.csv,43.02576075,12.52428758,254.0,185.1024932861328,68.89750671386719,w47575_s10.tif
2026-04-20-15-18-06.csv,43.02576075,12.52428758,254.0,185.1024932861328,68.89750671386719,w47575_s10.tif
2026-04-20-15-18-06.csv,43.02576075,12.52428758,254.0,185.1024932861328,68.89750671386719,w47575_s10.tif
2026-04-20-15-18-06.csv,43.0253223,12.5240789,251.96,183.24749755859375,68.71250244140626,w47575_s10.tif
2026-04-20-15-18-06.csv,43.0253223,12.5240789,251.96,183.24749755859375,68.71250244140626,w47575_s10.tif
2026-04-20-15-18-06.csv,43.0253223,12.5240789,251.96,183.24749755859375,68.71250244140626,w47575_s10.tif
2026-04-20-15-18-06.csv,43.0253223,12.5240789,251.96,183.24749755859375,68.71250244140626,w47575_s10.tif
2026-04-20-15-18-06.csv,43.0253223,12.5240789,251.96,183.24749755859375,68.71250244140626,w47575_s10.tif
2026-04-20-15-18-06.csv,43.0253223,12.5240789,251.96,183.24749755859375,68.71250244140626,w47575_s10.tif
2026-04-20-15-18-06.csv,43.02521853,12.524721,255.36,182.96380615234375,72.39619384765626,w47575_s10.tif
2026-04-20-15-18-06.csv,43.02521853,12.524721,255.36,182.96380615234375,72.39619384765626,w47575_s10.tif
2026-04-20-15-18-06.csv,43.02521853,12.524721,255.36,182.96380615234375,72.39619384765626,w47575_s10.tif
2026-04-20-15-18-06.csv,43.02521853,12.524721,255.36,182.96380615234375,72.39619384765626,w47575_s10.tif
2026-04-20-15-18-06.csv,43.02521853,12.524721,255.36,182.96380615234375,72.39619384765626,w47575_s10.tif
2026-04-20-15-18-06.csv,43.02521853,12.524721,255.36,182.96380615234375,72.39619384765626,w47575_s10.tif
2026-04-20-15-18-06.csv,43.02501694,12.52530192,253.12,180.21310424804688,72.90689575195313,w47575_s10.tif
2026-04-20-15-18-06.csv,43.02501694,12.52530192,253.12,180.21310424804688,72.90689575195313,w47575_s10.tif
2026-04-20-15-18-06.csv,43.02501694,12.52530192,253.12,180.21310424804688,72.90689575195313,w47575_s10.tif
2026-04-20-15-18-06.csv,43.02501694,12.52530192,253.12,180.21310424804688,72.90689575195313,w47575_s10.tif
2026-04-20-15-18-06.csv,43.02501694,12.52530192,253.12,180.21310424804688,72.90689575195313,w47575_s10.tif
2026-04-20-15-18-06.csv,43.02501694,12.52530192,253.12,180.21310424804688,72.90689575195313,w47575_s10.tif
2026-04-20-15-18-06.csv,43.02475902,12.52595409,253.58,180.59390258789062,72.98609741210939,w47575_s10.tif
2026-04-20-15-18-06.csv,43.02475902,12.52595409,253.58,180.59390258789062,72.98609741210939,w47575_s10.tif
2026-04-20-15-18-06.csv,43.02475902,12.52595409,253.58,180.59390258789062,72.98609741210939,w47575_s10.tif
2026-04-20-15-18-06.csv,43.02475902,12.52595409,253.58,180.59390258789062,72.98609741210939,w47575_s10.tif
2026-04-20-15-18-06.csv,43.02475902,12.52595409,253.58,180.59390258789062,72.98609741210939,w47575_s10.tif
2026-04-20-15-18-06.csv,43.02475902,12.52595409,253.58,180.59390258789062,72.98609741210939,w47575_s10.tif
2026-04-20-15-18-06.csv,43.02457497,12.52646798,249.98,182.5343017578125,67.44569824218749,w47575_s10.tif
2026-04-20-15-18-06.csv,43.02457497,12.52646798,249.98,182.5343017578125,67.44569824218749,w47575_s10.tif
2026-04-20-15-18-06.csv,43.02457497,12.52646798,249.98,182.5343017578125,67.44569824218749,w47575_s10.tif
2026-04-20-15-18-06.csv,43.02457497,12.52646798,249.98,182.5343017578125,67.44569824218749,w47575_s10.tif
2026-04-20-15-18-06.csv,43.02457497,12.52646798,249.98,182.5343017578125,67.44569824218749,w47575_s10.tif
2026-04-20-15-18-06.csv,43.02457497,12.52646798,249.98,182.5343017578125,67.44569824218749,w47575_s10.tif
2026-04-20-15-18-06.csv,43.02434326,12.52698878,250.53,182.5095977783203,68.02040222167969,w47575_s10.tif
2026-04-20-15-18-06.csv,43.02434326,12.52698878,250.53,182.5095977783203,68.02040222167969,w47575_s10.tif
2026-04-20-15-18-06.csv,43.02434326,12.52698878,250.53,182.5095977783203,68.02040222167969,w47575_s10.tif
2026-04-20-15-18-06.csv,43.02434326,12.52698878,250.53,182.5095977783203,68.02040222167969,w47575_s10.tif
2026-04-20-15-18-06.csv,43.02434326,12.52698878,250.53,182.5095977783203,68.02040222167969,w47575_s10.tif
2026-04-20-15-18-06.csv,43.02434326,12.52698878,250.53,182.5095977783203,68.02040222167969,w47575_s10.tif
2026-04-20-15-18-06.csv,43.02434326,12.52698878,250.53,182.5095977783203,68.02040222167969,w47575_s10.tif
2026-04-20-15-18-06.csv,43.02411066,12.5274808,245.44,183.22509765625,62.21490234375,w47575_s10.tif
2026-04-20-15-18-06.csv,43.02411066,12.5274808,245.44,183.22509765625,62.21490234375,w47575_s10.tif
2026-04-20-15-18-06.csv,43.02411066,12.5274808,245.44,183.22509765625,62.21490234375,w47575_s10.tif
2026-04-20-15-18-06.csv,43.02411066,12.5274808,245.44,183.22509765625,62.21490234375,w47575_s10.tif
2026-04-20-15-18-06.csv,43.02411066,12.5274808,245.44,183.22509765625,62.21490234375,w47575_s10.tif
2026-04-20-15-18-06.csv,43.02411066,12.5274808,245.44,183.22509765625,62.21490234375,w47575_s10.tif
2026-04-20-15-18-06.csv,43.02411066,12.5274808,245.44,183.22509765625,62.21490234375,w47575_s10.tif
2026-04-20-15-18-06.csv,43.02375159,12.52780289,246.91,183.89390563964844,63.01609436035156,w47575_s10.tif
2026-04-20-15-18-06.csv,43.02375159,12.52780289,246.91,183.89390563964844,63.01609436035156,w47575_s10.tif
2026-04-20-15-18-06.csv,43.02375159,12.52780289,246.91,183.89390563964844,63.01609436035156,w47575_s10.tif
2026-04-20-15-18-06.csv,43.02375159,12.52780289,246.91,183.89390563964844,63.01609436035156,w47575_s10.tif
2026-04-20-15-18-06.csv,43.02375159,12.52780289,246.91,183.89390563964844,63.01609436035156,w47575_s10.tif
2026-04-20-15-18-06.csv,43.02375159,12.52780289,246.91,183.89390563964844,63.01609436035156,w47575_s10.tif
2026-04-20-15-18-06.csv,43.02375159,12.52780289,246.91,183.89390563964844,63.01609436035156,w47575_s10.tif
2026-04-20-15-18-06.csv,43.02333326,12.52797157,245.68,183.68919372558594,61.99080627441407,w47575_s10.tif
2026-04-20-15-18-06.csv,43.02333326,12.52797157,245.68,183.68919372558594,61.99080627441407,w47575_s10.tif
2026-04-20-15-18-06.csv,43.02333326,12.52797157,245.68,183.68919372558594,61.99080627441407,w47575_s10.tif
2026-04-20-15-18-06.csv,43.02333326,12.52797157,245.68,183.68919372558594,61.99080627441407,w47575_s10.tif
2026-04-20-15-18-06.csv,43.02333326,12.52797157,245.68,183.68919372558594,61.99080627441407,w47575_s10.tif
2026-04-20-15-18-06.csv,43.02333326,12.52797157,245.68,183.68919372558594,61.99080627441407,w47575_s10.tif
2026-04-20-15-18-06.csv,43.02333326,12.52797157,245.68,183.68919372558594,61.99080627441407,w47575_s10.tif
2026-04-20-15-18-06.csv,43.02288484,12.52829378,245.37,181.27499389648438,64.09500610351563,w47575_s10.tif
2026-04-20-15-18-06.csv,43.02288484,12.52829378,245.37,181.27499389648438,64.09500610351563,w47575_s10.tif
2026-04-20-15-18-06.csv,43.02288484,12.52829378,245.37,181.27499389648438,64.09500610351563,w47575_s10.tif
2026-04-20-15-18-06.csv,43.02288484,12.52829378,245.37,181.27499389648438,64.09500610351563,w47575_s10.tif
2026-04-20-15-18-06.csv,43.02288484,12.52829378,245.37,181.27499389648438,64.09500610351563,w47575_s10.tif
2026-04-20-15-18-06.csv,43.02288484,12.52829378,245.37,181.27499389648438,64.09500610351563,w47575_s10.tif
2026-04-20-15-18-06.csv,43.02288484,12.52829378,245.37,181.27499389648438,64.09500610351563,w47575_s10.tif
2026-04-20-15-18-06.csv,43.0229426,12.52891055,242.35,183.38760375976562,58.96239624023437,w47575_s10.tif
2026-04-20-15-18-06.csv,43.0229426,12.52891055,242.35,183.38760375976562,58.96239624023437,w47575_s10.tif
2026-04-20-15-18-06.csv,43.0229426,12.52891055,242.35,183.38760375976562,58.96239624023437,w47575_s10.tif
2026-04-20-15-18-06.csv,43.0229426,12.52891055,242.35,183.38760375976562,58.96239624023437,w47575_s10.tif
2026-04-20-15-18-06.csv,43.0229426,12.52891055,242.35,183.38760375976562,58.96239624023437,w47575_s10.tif
2026-04-20-15-18-06.csv,43.0229426,12.52891055,242.35,183.38760375976562,58.96239624023437,w47575_s10.tif
2026-04-20-15-18-06.csv,43.0229426,12.52891055,242.35,183.38760375976562,58.96239624023437,w47575_s10.tif
2026-04-20-15-18-06.csv,43.02314985,12.52943268,245.89,185.04930114746094,60.84069885253905,w47575_s10.tif
2026-04-20-15-18-06.csv,43.02314985,12.52943268,245.89,185.04930114746094,60.84069885253905,w47575_s10.tif
2026-04-20-15-18-06.csv,43.02314985,12.52943268,245.89,185.04930114746094,60.84069885253905,w47575_s10.tif
2026-04-20-15-18-06.csv,43.02314985,12.52943268,245.89,185.04930114746094,60.84069885253905,w47575_s10.tif
2026-04-20-15-18-06.csv,43.02314985,12.52943268,245.89,185.04930114746094,60.84069885253905,w47575_s10.tif
2026-04-20-15-18-06.csv,43.02314985,12.52943268,245.89,185.04930114746094,60.84069885253905,w47575_s10.tif
2026-04-20-15-18-06.csv,43.02314985,12.52943268,245.89,185.04930114746094,60.84069885253905,w47575_s10.tif
2026-04-20-15-18-06.csv,43.02336706,12.53001366,244.89,185.3258056640625,59.564194335937486,w47575_s10.tif
2026-04-20-15-18-06.csv,43.02336706,12.53001366,244.89,185.3258056640625,59.564194335937486,w47575_s10.tif
2026-04-20-15-18-06.csv,43.02336706,12.53001366,244.89,185.3258056640625,59.564194335937486,w47575_s10.tif
2026-04-20-15-18-06.csv,43.02336706,12.53001366,244.89,185.3258056640625,59.564194335937486,w47575_s10.tif
2026-04-20-15-18-06.csv,43.02336706,12.53001366,244.89,185.3258056640625,59.564194335937486,w47575_s10.tif
2026-04-20-15-18-06.csv,43.02336706,12.53001366,244.89,185.3258056640625,59.564194335937486,w47575_s10.tif
2026-04-20-15-18-06.csv,43.02336706,12.53001366,244.89,185.3258056640625,59.564194335937486,w47575_s10.tif
2026-04-20-15-18-06.csv,43.02360928,12.53062611,244.03,185.1656036376953,58.86439636230469,w47575_s10.tif
2026-04-20-15-18-06.csv,43.02360928,12.53062611,244.03,185.1656036376953,58.86439636230469,w47575_s10.tif
2026-04-20-15-18-06.csv,43.02360928,12.53062611,244.03,185.1656036376953,58.86439636230469,w47575_s10.tif
2026-04-20-15-18-06.csv,43.02360928,12.53062611,244.03,185.1656036376953,58.86439636230469,w47575_s10.tif
2026-04-20-15-18-06.csv,43.02360928,12.53062611,244.03,185.1656036376953,58.86439636230469,w47575_s10.tif
2026-04-20-15-18-06.csv,43.02360928,12.53062611,244.03,185.1656036376953,58.86439636230469,w47575_s10.tif
2026-04-20-15-18-06.csv,43.02360928,12.53062611,244.03,185.1656036376953,58.86439636230469,w47575_s10.tif
2026-04-20-15-18-06.csv,43.02382966,12.53124064,244.36,185.1273956298828,59.2326043701172,w47575_s10.tif
2026-04-20-15-18-06.csv,43.02382966,12.53124064,244.36,185.1273956298828,59.2326043701172,w47575_s10.tif
2026-04-20-15-18-06.csv,43.02382966,12.53124064,244.36,185.1273956298828,59.2326043701172,w47575_s10.tif
2026-04-20-15-18-06.csv,43.02382966,12.53124064,244.36,185.1273956298828,59.2326043701172,w47575_s10.tif
2026-04-20-15-18-06.csv,43.02382966,12.53124064,244.36,185.1273956298828,59.2326043701172,w47575_s10.tif
2026-04-20-15-18-06.csv,43.02382966,12.53124064,244.36,185.1273956298828,59.2326043701172,w47575_s10.tif
2026-04-20-15-18-06.csv,43.02382966,12.53124064,244.36,185.1273956298828,59.2326043701172,w47575_s10.tif
2026-04-20-15-18-06.csv,43.02405612,12.53180916,246.51,185.2677001953125,61.24229980468749,w47575_s10.tif
2026-04-20-15-18-06.csv,43.02405612,12.53180916,246.51,185.2677001953125,61.24229980468749,w47575_s10.tif
2026-04-20-15-18-06.csv,43.02405612,12.53180916,246.51,185.2677001953125,61.24229980468749,w47575_s10.tif
2026-04-20-15-18-06.csv,43.02405612,12.53180916,246.51,185.2677001953125,61.24229980468749,w47575_s10.tif
2026-04-20-15-18-06.csv,43.02405612,12.53180916,246.51,185.2677001953125,61.24229980468749,w47575_s10.tif
2026-04-20-15-18-06.csv,43.02405612,12.53180916,246.51,185.2677001953125,61.24229980468749,w47575_s10.tif
2026-04-20-15-18-06.csv,43.02405612,12.53180916,246.51,185.2677001953125,61.24229980468749,w47575_s10.tif
2026-04-20-15-18-06.csv,43.02448857,12.53213904,254.96,185.24920654296875,69.71079345703126,w47575_s10.tif
2026-04-20-15-18-06.csv,43.02448857,12.53213904,254.96,185.24920654296875,69.71079345703126,w47575_s10.tif
2026-04-20-15-18-06.csv,43.02448857,12.53213904,254.96,185.24920654296875,69.71079345703126,w47575_s10.tif
2026-04-20-15-18-06.csv,43.02448857,12.53213904,254.96,185.24920654296875,69.71079345703126,w47575_s10.tif
2026-04-20-15-18-06.csv,43.02448857,12.53213904,254.96,185.24920654296875,69.71079345703126,w47575_s10.tif
2026-04-20-15-18-06.csv,43.02448857,12.53213904,254.96,185.24920654296875,69.71079345703126,w47575_s10.tif
2026-04-20-15-18-06.csv,43.02448857,12.53213904,254.96,185.24920654296875,69.71079345703126,w47575_s10.tif
2026-04-20-15-18-06.csv,43.02495172,12.53223882,254.6,185.13510131835938,69.46489868164062,w47575_s10.tif
2026-04-20-15-18-06.csv,43.02495172,12.53223882,254.6,185.13510131835938,69.46489868164062,w47575_s10.tif
2026-04-20-15-18-06.csv,43.02495172,12.53223882,254.6,185.13510131835938,69.46489868164062,w47575_s10.tif
2026-04-20-15-18-06.csv,43.02495172,12.53223882,254.6,185.13510131835938,69.46489868164062,w47575_s10.tif
2026-04-20-15-18-06.csv,43.02495172,12.53223882,254.6,185.13510131835938,69.46489868164062,w47575_s10.tif
2026-04-20-15-18-06.csv,43.02495172,12.53223882,254.6,185.13510131835938,69.46489868164062,w47575_s10.tif
2026-04-20-15-18-06.csv,43.02495172,12.53223882,254.6,185.13510131835938,69.46489868164062,w47575_s10.tif
2026-04-20-15-18-06.csv,43.0254839,12.53233332,256.54,185.1134033203125,71.42659667968752,w47575_s10.tif
2026-04-20-15-18-06.csv,43.0254839,12.53233332,256.54,185.1134033203125,71.42659667968752,w47575_s10.tif
2026-04-20-15-18-06.csv,43.0254839,12.53233332,256.54,185.1134033203125,71.42659667968752,w47575_s10.tif
2026-04-20-15-18-06.csv,43.0254839,12.53233332,256.54,185.1134033203125,71.42659667968752,w47575_s10.tif
2026-04-20-15-18-06.csv,43.0254839,12.53233332,256.54,185.1134033203125,71.42659667968752,w47575_s10.tif
2026-04-20-15-18-06.csv,43.0254839,12.53233332,256.54,185.1134033203125,71.42659667968752,w47575_s10.tif
2026-04-20-15-18-06.csv,43.0254839,12.53233332,256.54,185.1134033203125,71.42659667968752,w47575_s10.tif
2026-04-20-15-18-06.csv,43.02590434,12.53238973,256.4,185.2991943359375,71.10080566406248,w47575_s10.tif
2026-04-20-15-18-06.csv,43.02590434,12.53238973,256.4,185.2991943359375,71.10080566406248,w47575_s10.tif
2026-04-20-15-18-06.csv,43.02590434,12.53238973,256.4,185.2991943359375,71.10080566406248,w47575_s10.tif
2026-04-20-15-18-06.csv,43.02590434,12.53238973,256.4,185.2991943359375,71.10080566406248,w47575_s10.tif
2026-04-20-15-18-06.csv,43.02640668,12.53226061,255.76,185.72760009765625,70.03239990234374,w47575_s10.tif
2026-04-20-15-18-06.csv,43.02640668,12.53226061,255.76,185.72760009765625,70.03239990234374,w47575_s10.tif
2026-04-20-15-18-06.csv,43.02640668,12.53226061,255.76,185.72760009765625,70.03239990234374,w47575_s10.tif
2026-04-20-15-18-06.csv,43.02640668,12.53226061,255.76,185.72760009765625,70.03239990234374,w47575_s10.tif
2026-04-20-15-18-06.csv,43.02681966,12.53191529,255.11,186.0720977783203,69.0379022216797,w47575_s10.tif
2026-04-20-15-18-06.csv,43.02681966,12.53191529,255.11,186.0720977783203,69.0379022216797,w47575_s10.tif
2026-04-20-15-18-06.csv,43.02681966,12.53191529,255.11,186.0720977783203,69.0379022216797,w47575_s10.tif
2026-04-20-15-18-06.csv,43.02681966,12.53191529,255.11,186.0720977783203,69.0379022216797,w47575_s10.tif
2026-04-20-15-18-06.csv,43.02725639,12.53160438,255.31,186.3708038330078,68.93919616699219,w47575_s10.tif
2026-04-20-15-18-06.csv,43.02725639,12.53160438,255.31,186.3708038330078,68.93919616699219,w47575_s10.tif
2026-04-20-15-18-06.csv,43.02725639,12.53160438,255.31,186.3708038330078,68.93919616699219,w47575_s10.tif
2026-04-20-15-18-06.csv,43.02725639,12.53160438,255.31,186.3708038330078,68.93919616699219,w47575_s10.tif
2026-04-20-15-18-06.csv,43.02725639,12.53160438,255.31,186.3708038330078,68.93919616699219,w47575_s10.tif
2026-04-20-15-18-06.csv,43.02772751,12.53149651,254.92,186.31900024414062,68.60099975585936,w47575_s10.tif
2026-04-20-15-18-06.csv,43.02772751,12.53149651,254.92,186.31900024414062,68.60099975585936,w47575_s10.tif
2026-04-20-15-18-06.csv,43.02772751,12.53149651,254.92,186.31900024414062,68.60099975585936,w47575_s10.tif
2026-04-20-15-18-06.csv,43.02772751,12.53149651,254.92,186.31900024414062,68.60099975585936,w47575_s10.tif
2026-04-20-15-18-06.csv,43.02772751,12.53149651,254.92,186.31900024414062,68.60099975585936,w47575_s10.tif
2026-04-20-15-18-06.csv,43.02820933,12.53129609,253.96,186.1446990966797,67.81530090332032,w47575_s10.tif
2026-04-20-15-18-06.csv,43.02820933,12.53129609,253.96,186.1446990966797,67.81530090332032,w47575_s10.tif
2026-04-20-15-18-06.csv,43.02820933,12.53129609,253.96,186.1446990966797,67.81530090332032,w47575_s10.tif
2026-04-20-15-18-06.csv,43.02820933,12.53129609,253.96,186.1446990966797,67.81530090332032,w47575_s10.tif
2026-04-20-15-18-06.csv,43.02820933,12.53129609,253.96,186.1446990966797,67.81530090332032,w47575_s10.tif
2026-04-20-15-18-06.csv,43.0283999,12.53064323,254.4,186.05189514160156,68.34810485839844,w47575_s10.tif
2026-04-20-15-18-06.csv,43.0283999,12.53064323,254.4,186.05189514160156,68.34810485839844,w47575_s10.tif
2026-04-20-15-18-06.csv,43.0283999,12.53064323,254.4,186.05189514160156,68.34810485839844,w47575_s10.tif
2026-04-20-15-18-06.csv,43.0283999,12.53064323,254.4,186.05189514160156,68.34810485839844,w47575_s10.tif
2026-04-20-15-18-06.csv,43.0283999,12.53064323,254.4,186.05189514160156,68.34810485839844,w47575_s10.tif
2026-04-20-15-18-06.csv,43.02857658,12.53005736,254.23,186.13270568847656,68.09729431152343,w47575_s10.tif
2026-04-20-15-18-06.csv,43.02857658,12.53005736,254.23,186.13270568847656,68.09729431152343,w47575_s10.tif
2026-04-20-15-18-06.csv,43.02857658,12.53005736,254.23,186.13270568847656,68.09729431152343,w47575_s10.tif
2026-04-20-15-18-06.csv,43.02857658,12.53005736,254.23,186.13270568847656,68.09729431152343,w47575_s10.tif
2026-04-20-15-18-06.csv,43.02857658,12.53005736,254.23,186.13270568847656,68.09729431152343,w47575_s10.tif
2026-04-20-15-18-06.csv,43.02877149,12.52942897,254.82,186.36610412597656,68.45389587402343,w47575_s10.tif
2026-04-20-15-18-06.csv,43.02877149,12.52942897,254.82,186.36610412597656,68.45389587402343,w47575_s10.tif
2026-04-20-15-18-06.csv,43.02877149,12.52942897,254.82,186.36610412597656,68.45389587402343,w47575_s10.tif
2026-04-20-15-18-06.csv,43.02877149,12.52942897,254.82,186.36610412597656,68.45389587402343,w47575_s10.tif
2026-04-20-15-18-06.csv,43.02877149,12.52942897,254.82,186.36610412597656,68.45389587402343,w47575_s10.tif
2026-04-20-15-18-06.csv,43.02894791,12.52881091,255.54,186.31350708007812,69.22649291992187,w47575_s10.tif
2026-04-20-15-18-06.csv,43.02894791,12.52881091,255.54,186.31350708007812,69.22649291992187,w47575_s10.tif
2026-04-20-15-18-06.csv,43.02894791,12.52881091,255.54,186.31350708007812,69.22649291992187,w47575_s10.tif
2026-04-20-15-18-06.csv,43.02894791,12.52881091,255.54,186.31350708007812,69.22649291992187,w47575_s10.tif
2026-04-20-15-18-06.csv,43.02894791,12.52881091,255.54,186.31350708007812,69.22649291992187,w47575_s10.tif
2026-04-20-15-18-06.csv,43.02910911,12.52819797,255.73,186.0507049560547,69.6792950439453,w47575_s10.tif
2026-04-20-15-18-06.csv,43.02910911,12.52819797,255.73,186.0507049560547,69.6792950439453,w47575_s10.tif
2026-04-20-15-18-06.csv,43.02910911,12.52819797,255.73,186.0507049560547,69.6792950439453,w47575_s10.tif
2026-04-20-15-18-06.csv,43.02910911,12.52819797,255.73,186.0507049560547,69.6792950439453,w47575_s10.tif
2026-04-20-15-18-06.csv,43.02910911,12.52819797,255.73,186.0507049560547,69.6792950439453,w47575_s10.tif
2026-04-20-15-18-06.csv,43.02910911,12.52819797,255.73,186.0507049560547,69.6792950439453,w47575_s10.tif
2026-04-20-15-18-06.csv,43.02881838,12.52769911,243.1,185.92039489746094,57.17960510253906,w47575_s10.tif
2026-04-20-15-18-06.csv,43.02881838,12.52769911,243.1,185.92039489746094,57.17960510253906,w47575_s10.tif
2026-04-20-15-18-06.csv,43.02881838,12.52769911,243.1,185.92039489746094,57.17960510253906,w47575_s10.tif
2026-04-20-15-18-06.csv,43.02881838,12.52769911,243.1,185.92039489746094,57.17960510253906,w47575_s10.tif
2026-04-20-15-18-06.csv,43.02881838,12.52769911,243.1,185.92039489746094,57.17960510253906,w47575_s10.tif
2026-04-20-15-18-06.csv,43.02881838,12.52769911,243.1,185.92039489746094,57.17960510253906,w47575_s10.tif
2026-04-20-15-18-06.csv,43.02842012,12.52782767,240.49,186.02499389648438,54.465006103515634,w47575_s10.tif
2026-04-20-15-18-06.csv,43.02842012,12.52782767,240.49,186.02499389648438,54.465006103515634,w47575_s10.tif
2026-04-20-15-18-06.csv,43.02842012,12.52782767,240.49,186.02499389648438,54.465006103515634,w47575_s10.tif
2026-04-20-15-18-06.csv,43.02842012,12.52782767,240.49,186.02499389648438,54.465006103515634,w47575_s10.tif
2026-04-20-15-18-06.csv,43.02842012,12.52782767,240.49,186.02499389648438,54.465006103515634,w47575_s10.tif
2026-04-20-15-18-06.csv,43.02842012,12.52782767,240.49,186.02499389648438,54.465006103515634,w47575_s10.tif
2026-04-20-15-18-06.csv,43.02803483,12.52814495,239.94,186.21119689941406,53.728803100585935,w47575_s10.tif
2026-04-20-15-18-06.csv,43.02803483,12.52814495,239.94,186.21119689941406,53.728803100585935,w47575_s10.tif
2026-04-20-15-18-06.csv,43.02803483,12.52814495,239.94,186.21119689941406,53.728803100585935,w47575_s10.tif
2026-04-20-15-18-06.csv,43.02803483,12.52814495,239.94,186.21119689941406,53.728803100585935,w47575_s10.tif
2026-04-20-15-18-06.csv,43.02803483,12.52814495,239.94,186.21119689941406,53.728803100585935,w47575_s10.tif
2026-04-20-15-18-06.csv,43.02803483,12.52814495,239.94,186.21119689941406,53.728803100585935,w47575_s10.tif
2026-04-20-15-18-06.csv,43.02772084,12.52865124,240.32,186.3813018798828,53.93869812011718,w47575_s10.tif
2026-04-20-15-18-06.csv,43.02772084,12.52865124,240.32,186.3813018798828,53.93869812011718,w47575_s10.tif
2026-04-20-15-18-06.csv,43.02772084,12.52865124,240.32,186.3813018798828,53.93869812011718,w47575_s10.tif
2026-04-20-15-18-06.csv,43.02772084,12.52865124,240.32,186.3813018798828,53.93869812011718,w47575_s10.tif
2026-04-20-15-18-06.csv,43.02772084,12.52865124,240.32,186.3813018798828,53.93869812011718,w47575_s10.tif
2026-04-20-15-18-06.csv,43.02772084,12.52865124,240.32,186.3813018798828,53.93869812011718,w47575_s10.tif
2026-04-20-15-18-06.csv,43.02739448,12.52921319,241.51,185.99110412597656,55.51889587402343,w47575_s10.tif
2026-04-20-15-18-06.csv,43.02739448,12.52921319,241.51,185.99110412597656,55.51889587402343,w47575_s10.tif
2026-04-20-15-18-06.csv,43.02739448,12.52921319,241.51,185.99110412597656,55.51889587402343,w47575_s10.tif
2026-04-20-15-18-06.csv,43.02739448,12.52921319,241.51,185.99110412597656,55.51889587402343,w47575_s10.tif
2026-04-20-15-18-06.csv,43.02739448,12.52921319,241.51,185.99110412597656,55.51889587402343,w47575_s10.tif
2026-04-20-15-18-06.csv,43.02739448,12.52921319,241.51,185.99110412597656,55.51889587402343,w47575_s10.tif
2026-04-20-15-18-06.csv,43.02708249,12.52974299,241.19,185.86439514160156,55.325604858398435,w47575_s10.tif
2026-04-20-15-18-06.csv,43.02708249,12.52974299,241.19,185.86439514160156,55.325604858398435,w47575_s10.tif
2026-04-20-15-18-06.csv,43.02708249,12.52974299,241.19,185.86439514160156,55.325604858398435,w47575_s10.tif
2026-04-20-15-18-06.csv,43.02708249,12.52974299,241.19,185.86439514160156,55.325604858398435,w47575_s10.tif
2026-04-20-15-18-06.csv,43.02708249,12.52974299,241.19,185.86439514160156,55.325604858398435,w47575_s10.tif
2026-04-20-15-18-06.csv,43.02708249,12.52974299,241.19,185.86439514160156,55.325604858398435,w47575_s10.tif
2026-04-20-15-18-06.csv,43.02679327,12.53028351,241.47,186.18980407714844,55.28019592285156,w47575_s10.tif
2026-04-20-15-18-06.csv,43.02679327,12.53028351,241.47,186.18980407714844,55.28019592285156,w47575_s10.tif
2026-04-20-15-18-06.csv,43.02679327,12.53028351,241.47,186.18980407714844,55.28019592285156,w47575_s10.tif
2026-04-20-15-18-06.csv,43.02679327,12.53028351,241.47,186.18980407714844,55.28019592285156,w47575_s10.tif
2026-04-20-15-18-06.csv,43.02679327,12.53028351,241.47,186.18980407714844,55.28019592285156,w47575_s10.tif
2026-04-20-15-18-06.csv,43.02679327,12.53028351,241.47,186.18980407714844,55.28019592285156,w47575_s10.tif
2026-04-20-15-18-06.csv,43.02679327,12.53028351,241.47,186.18980407714844,55.28019592285156,w47575_s10.tif
2026-04-20-15-18-06.csv,43.02649639,12.53085771,242.3,185.90870666503906,56.39129333496095,w47575_s10.tif
2026-04-20-15-18-06.csv,43.02649639,12.53085771,242.3,185.90870666503906,56.39129333496095,w47575_s10.tif
2026-04-20-15-18-06.csv,43.02649639,12.53085771,242.3,185.90870666503906,56.39129333496095,w47575_s10.tif
2026-04-20-15-18-06.csv,43.02649639,12.53085771,242.3,185.90870666503906,56.39129333496095,w47575_s10.tif
2026-04-20-15-18-06.csv,43.02649639,12.53085771,242.3,185.90870666503906,56.39129333496095,w47575_s10.tif
2026-04-20-15-18-06.csv,43.02649639,12.53085771,242.3,185.90870666503906,56.39129333496095,w47575_s10.tif
2026-04-20-15-18-06.csv,43.02649639,12.53085771,242.3,185.90870666503906,56.39129333496095,w47575_s10.tif
2026-04-20-15-18-06.csv,43.02623702,12.53131276,242.15,185.70770263671875,56.442297363281256,w47575_s10.tif
2026-04-20-15-18-06.csv,43.02623702,12.53131276,242.15,185.70770263671875,56.442297363281256,w47575_s10.tif
2026-04-20-15-18-06.csv,43.02623702,12.53131276,242.15,185.70770263671875,56.442297363281256,w47575_s10.tif
2026-04-20-15-18-06.csv,43.02623702,12.53131276,242.15,185.70770263671875,56.442297363281256,w47575_s10.tif
2026-04-20-15-18-06.csv,43.02623702,12.53131276,242.15,185.70770263671875,56.442297363281256,w47575_s10.tif
2026-04-20-15-18-06.csv,43.02623702,12.53131276,242.15,185.70770263671875,56.442297363281256,w47575_s10.tif
2026-04-20-15-18-06.csv,43.02623702,12.53131276,242.15,185.70770263671875,56.442297363281256,w47575_s10.tif
2026-04-20-15-18-06.csv,43.02600817,12.53178487,241.53,185.48609924316406,56.04390075683594,w47575_s10.tif
2026-04-20-15-18-06.csv,43.02600817,12.53178487,241.53,185.48609924316406,56.04390075683594,w47575_s10.tif
2026-04-20-15-18-06.csv,43.02600817,12.53178487,241.53,185.48609924316406,56.04390075683594,w47575_s10.tif
2026-04-20-15-18-06.csv,43.02600817,12.53178487,241.53,185.48609924316406,56.04390075683594,w47575_s10.tif
2026-04-20-15-18-06.csv,43.02600817,12.53178487,241.53,185.48609924316406,56.04390075683594,w47575_s10.tif
2026-04-20-15-18-06.csv,43.02600817,12.53178487,241.53,185.48609924316406,56.04390075683594,w47575_s10.tif
2026-04-20-15-18-06.csv,43.02600817,12.53178487,241.53,185.48609924316406,56.04390075683594,w47575_s10.tif
2026-04-20-15-18-06.csv,43.02576173,12.53223459,243.07,185.28810119628906,57.78189880371093,w47575_s10.tif
2026-04-20-15-18-06.csv,43.02576173,12.53223459,243.07,185.28810119628906,57.78189880371093,w47575_s10.tif
2026-04-20-15-18-06.csv,43.02576173,12.53223459,243.07,185.28810119628906,57.78189880371093,w47575_s10.tif
2026-04-20-15-18-06.csv,43.02576173,12.53223459,243.07,185.28810119628906,57.78189880371093,w47575_s10.tif
2026-04-20-15-18-06.csv,43.02576173,12.53223459,243.07,185.28810119628906,57.78189880371093,w47575_s10.tif
2026-04-20-15-18-06.csv,43.02576173,12.53223459,243.07,185.28810119628906,57.78189880371093,w47575_s10.tif
2026-04-20-15-18-06.csv,43.02576173,12.53223459,243.07,185.28810119628906,57.78189880371093,w47575_s10.tif
2026-04-20-15-18-06.csv,43.02558905,12.53162794,242.37,185.17469787597656,57.19530212402344,w47575_s10.tif
2026-04-20-15-18-06.csv,43.02558905,12.53162794,242.37,185.17469787597656,57.19530212402344,w47575_s10.tif
2026-04-20-15-18-06.csv,43.02558905,12.53162794,242.37,185.17469787597656,57.19530212402344,w47575_s10.tif
2026-04-20-15-18-06.csv,43.02558905,12.53162794,242.37,185.17469787597656,57.19530212402344,w47575_s10.tif
2026-04-20-15-18-06.csv,43.02558905,12.53162794,242.37,185.17469787597656,57.19530212402344,w47575_s10.tif
2026-04-20-15-18-06.csv,43.02558905,12.53162794,242.37,185.17469787597656,57.19530212402344,w47575_s10.tif
2026-04-20-15-18-06.csv,43.02558905,12.53162794,242.37,185.17469787597656,57.19530212402344,w47575_s10.tif
2026-04-20-15-18-06.csv,43.02560785,12.53089265,245.48,185.00270080566406,60.47729919433593,w47575_s10.tif
2026-04-20-15-18-06.csv,43.02560785,12.53089265,245.48,185.00270080566406,60.47729919433593,w47575_s10.tif
2026-04-20-15-18-06.csv,43.02560785,12.53089265,245.48,185.00270080566406,60.47729919433593,w47575_s10.tif
2026-04-20-15-18-06.csv,43.02560785,12.53089265,245.48,185.00270080566406,60.47729919433593,w47575_s10.tif
2026-04-20-15-18-06.csv,43.02560785,12.53089265,245.48,185.00270080566406,60.47729919433593,w47575_s10.tif
2026-04-20-15-18-06.csv,43.02560785,12.53089265,245.48,185.00270080566406,60.47729919433593,w47575_s10.tif
2026-04-20-15-18-06.csv,43.02560785,12.53089265,245.48,185.00270080566406,60.47729919433593,w47575_s10.tif
2026-04-20-15-18-06.csv,43.02562766,12.53029351,245.35,184.97900390625,60.370996093749994,w47575_s10.tif
2026-04-20-15-18-06.csv,43.02562766,12.53029351,245.35,184.97900390625,60.370996093749994,w47575_s10.tif
2026-04-20-15-18-06.csv,43.02562766,12.53029351,245.35,184.97900390625,60.370996093749994,w47575_s10.tif
2026-04-20-15-18-06.csv,43.02562766,12.53029351,245.35,184.97900390625,60.370996093749994,w47575_s10.tif
2026-04-20-15-18-06.csv,43.02562766,12.53029351,245.35,184.97900390625,60.370996093749994,w47575_s10.tif
2026-04-20-15-18-06.csv,43.02562766,12.53029351,245.35,184.97900390625,60.370996093749994,w47575_s10.tif
2026-04-20-15-18-06.csv,43.02562766,12.53029351,245.35,184.97900390625,60.370996093749994,w47575_s10.tif
2026-04-20-15-18-06.csv,43.02563028,12.52967845,244.52,185.16749572753906,59.35250427246095,w47575_s10.tif
2026-04-20-15-18-06.csv,43.02563028,12.52967845,244.52,185.16749572753906,59.35250427246095,w47575_s10.tif
2026-04-20-15-18-06.csv,43.02563028,12.52967845,244.52,185.16749572753906,59.35250427246095,w47575_s10.tif
2026-04-20-15-18-06.csv,43.02563028,12.52967845,244.52,185.16749572753906,59.35250427246095,w47575_s10.tif
2026-04-20-15-18-06.csv,43.02563028,12.52967845,244.52,185.16749572753906,59.35250427246095,w47575_s10.tif
2026-04-20-15-18-06.csv,43.02563028,12.52967845,244.52,185.16749572753906,59.35250427246095,w47575_s10.tif
2026-04-20-15-18-06.csv,43.02563028,12.52967845,244.52,185.16749572753906,59.35250427246095,w47575_s10.tif
2026-04-20-15-18-06.csv,43.0256136,12.52905886,243.14,185.33709716796875,57.802902832031236,w47575_s10.tif
2026-04-20-15-18-06.csv,43.0256136,12.52905886,243.14,185.33709716796875,57.802902832031236,w47575_s10.tif
2026-04-20-15-18-06.csv,43.0256136,12.52905886,243.14,185.33709716796875,57.802902832031236,w47575_s10.tif
2026-04-20-15-18-06.csv,43.0256136,12.52905886,243.14,185.33709716796875,57.802902832031236,w47575_s10.tif
2026-04-20-15-18-06.csv,43.0256136,12.52905886,243.14,185.33709716796875,57.802902832031236,w47575_s10.tif
2026-04-20-15-18-06.csv,43.0256136,12.52905886,243.14,185.33709716796875,57.802902832031236,w47575_s10.tif
2026-04-20-15-18-06.csv,43.0256136,12.52905886,243.14,185.33709716796875,57.802902832031236,w47575_s10.tif
2026-04-20-15-18-06.csv,43.02560688,12.52842866,243.9,185.54330444335938,58.35669555664063,w47575_s10.tif
2026-04-20-15-18-06.csv,43.02560688,12.52842866,243.9,185.54330444335938,58.35669555664063,w47575_s10.tif
2026-04-20-15-18-06.csv,43.02560688,12.52842866,243.9,185.54330444335938,58.35669555664063,w47575_s10.tif
2026-04-20-15-18-06.csv,43.02560688,12.52842866,243.9,185.54330444335938,58.35669555664063,w47575_s10.tif
2026-04-20-15-18-06.csv,43.02560688,12.52842866,243.9,185.54330444335938,58.35669555664063,w47575_s10.tif
2026-04-20-15-18-06.csv,43.02560688,12.52842866,243.9,185.54330444335938,58.35669555664063,w47575_s10.tif
2026-04-20-15-18-06.csv,43.02560688,12.52842866,243.9,185.54330444335938,58.35669555664063,w47575_s10.tif
2026-04-20-15-18-06.csv,43.02559022,12.52781856,243.43,185.5677032470703,57.862296752929694,w47575_s10.tif
2026-04-20-15-18-06.csv,43.02559022,12.52781856,243.43,185.5677032470703,57.862296752929694,w47575_s10.tif
2026-04-20-15-18-06.csv,43.02559022,12.52781856,243.43,185.5677032470703,57.862296752929694,w47575_s10.tif
2026-04-20-15-18-06.csv,43.02559022,12.52781856,243.43,185.5677032470703,57.862296752929694,w47575_s10.tif
2026-04-20-15-18-06.csv,43.02559022,12.52781856,243.43,185.5677032470703,57.862296752929694,w47575_s10.tif
2026-04-20-15-18-06.csv,43.02559022,12.52781856,243.43,185.5677032470703,57.862296752929694,w47575_s10.tif
2026-04-20-15-18-06.csv,43.02559022,12.52781856,243.43,185.5677032470703,57.862296752929694,w47575_s10.tif
2026-04-20-15-18-06.csv,43.02558333,12.52719791,243.64,185.49929809570312,58.14070190429686,w47575_s10.tif
2026-04-20-15-18-06.csv,43.02558333,12.52719791,243.64,185.49929809570312,58.14070190429686,w47575_s10.tif
2026-04-20-15-18-06.csv,43.02558333,12.52719791,243.64,185.49929809570312,58.14070190429686,w47575_s10.tif
2026-04-20-15-18-06.csv,43.02558333,12.52719791,243.64,185.49929809570312,58.14070190429686,w47575_s10.tif
2026-04-20-15-18-06.csv,43.02558333,12.52719791,243.64,185.49929809570312,58.14070190429686,w47575_s10.tif
2026-04-20-15-18-06.csv,43.02558333,12.52719791,243.64,185.49929809570312,58.14070190429686,w47575_s10.tif
2026-04-20-15-18-06.csv,43.02558333,12.52719791,243.64,185.49929809570312,58.14070190429686,w47575_s10.tif
2026-04-20-15-18-06.csv,43.02564735,12.52663543,242.65,185.47650146484375,57.173498535156256,w47575_s10.tif
2026-04-20-15-18-06.csv,43.02564735,12.52663543,242.65,185.47650146484375,57.173498535156256,w47575_s10.tif
2026-04-20-15-18-06.csv,43.02564735,12.52663543,242.65,185.47650146484375,57.173498535156256,w47575_s10.tif
2026-04-20-15-18-06.csv,43.02564735,12.52663543,242.65,185.47650146484375,57.173498535156256,w47575_s10.tif
2026-04-20-15-18-06.csv,43.02564735,12.52663543,242.65,185.47650146484375,57.173498535156256,w47575_s10.tif
2026-04-20-15-18-06.csv,43.02564735,12.52663543,242.65,185.47650146484375,57.173498535156256,w47575_s10.tif
2026-04-20-15-18-06.csv,43.02564735,12.52663543,242.65,185.47650146484375,57.173498535156256,w47575_s10.tif
2026-04-20-15-18-06.csv,43.02574206,12.526071,242.31,185.6208038330078,56.68919616699219,w47575_s10.tif
2026-04-20-15-18-06.csv,43.02574206,12.526071,242.31,185.6208038330078,56.68919616699219,w47575_s10.tif
2026-04-20-15-18-06.csv,43.02574206,12.526071,242.31,185.6208038330078,56.68919616699219,w47575_s10.tif
2026-04-20-15-18-06.csv,43.02574206,12.526071,242.31,185.6208038330078,56.68919616699219,w47575_s10.tif
2026-04-20-15-18-06.csv,43.02574206,12.526071,242.31,185.6208038330078,56.68919616699219,w47575_s10.tif
2026-04-20-15-18-06.csv,43.02574206,12.526071,242.31,185.6208038330078,56.68919616699219,w47575_s10.tif
2026-04-20-15-18-06.csv,43.02574206,12.526071,242.31,185.6208038330078,56.68919616699219,w47575_s10.tif
2026-04-20-15-18-06.csv,43.02584483,12.52547502,242.62,185.78819274902344,56.83180725097657,w47575_s10.tif
2026-04-20-15-18-06.csv,43.02584483,12.52547502,242.62,185.78819274902344,56.83180725097657,w47575_s10.tif
2026-04-20-15-18-06.csv,43.02584483,12.52547502,242.62,185.78819274902344,56.83180725097657,w47575_s10.tif
2026-04-20-15-18-06.csv,43.02584483,12.52547502,242.62,185.78819274902344,56.83180725097657,w47575_s10.tif
2026-04-20-15-18-06.csv,43.02584483,12.52547502,242.62,185.78819274902344,56.83180725097657,w47575_s10.tif
2026-04-20-15-18-06.csv,43.02584483,12.52547502,242.62,185.78819274902344,56.83180725097657,w47575_s10.tif
2026-04-20-15-18-06.csv,43.02584483,12.52547502,242.62,185.78819274902344,56.83180725097657,w47575_s10.tif
2026-04-20-15-18-06.csv,43.02596109,12.52490539,242.46,185.760498046875,56.69950195312501,w47575_s10.tif
2026-04-20-15-18-06.csv,43.02596109,12.52490539,242.46,185.760498046875,56.69950195312501,w47575_s10.tif
2026-04-20-15-18-06.csv,43.02596109,12.52490539,242.46,185.760498046875,56.69950195312501,w47575_s10.tif
2026-04-20-15-18-06.csv,43.02596109,12.52490539,242.46,185.760498046875,56.69950195312501,w47575_s10.tif
2026-04-20-15-18-06.csv,43.02596109,12.52490539,242.46,185.760498046875,56.69950195312501,w47575_s10.tif
2026-04-20-15-18-06.csv,43.02596109,12.52490539,242.46,185.760498046875,56.69950195312501,w47575_s10.tif
2026-04-20-15-18-06.csv,43.02596109,12.52490539,242.46,185.760498046875,56.69950195312501,w47575_s10.tif
2026-04-20-15-18-06.csv,43.02606708,12.5243084,241.59,185.56900024414062,56.02099975585938,w47575_s10.tif
2026-04-20-15-18-06.csv,43.02606708,12.5243084,241.59,185.56900024414062,56.02099975585938,w47575_s10.tif
2026-04-20-15-18-06.csv,43.02606708,12.5243084,241.59,185.56900024414062,56.02099975585938,w47575_s10.tif
2026-04-20-15-18-06.csv,43.02606708,12.5243084,241.59,185.56900024414062,56.02099975585938,w47575_s10.tif
2026-04-20-15-18-06.csv,43.02606708,12.5243084,241.59,185.56900024414062,56.02099975585938,w47575_s10.tif
2026-04-20-15-18-06.csv,43.02606708,12.5243084,241.59,185.56900024414062,56.02099975585938,w47575_s10.tif
2026-04-20-15-18-06.csv,43.02606708,12.5243084,241.59,185.56900024414062,56.02099975585938,w47575_s10.tif
2026-04-20-15-18-06.csv,43.02619431,12.52372641,244.23,185.5167999267578,58.71320007324218,w47575_s10.tif
2026-04-20-15-18-06.csv,43.02619431,12.52372641,244.23,185.5167999267578,58.71320007324218,w47575_s10.tif
2026-04-20-15-18-06.csv,43.02619431,12.52372641,244.23,185.5167999267578,58.71320007324218,w47575_s10.tif
2026-04-20-15-18-06.csv,43.02619431,12.52372641,244.23,185.5167999267578,58.71320007324218,w47575_s10.tif
2026-04-20-15-18-06.csv,43.02619431,12.52372641,244.23,185.5167999267578,58.71320007324218,w47575_s10.tif
2026-04-20-15-18-06.csv,43.02619431,12.52372641,244.23,185.5167999267578,58.71320007324218,w47575_s10.tif
2026-04-20-15-18-06.csv,43.02619431,12.52372641,244.23,185.5167999267578,58.71320007324218,w47575_s10.tif
2026-04-20-15-18-06.csv,43.02635043,12.52316278,245.54,185.44740295410156,60.09259704589843,w47575_s10.tif
2026-04-20-15-18-06.csv,43.02635043,12.52316278,245.54,185.44740295410156,60.09259704589843,w47575_s10.tif
2026-04-20-15-18-06.csv,43.02635043,12.52316278,245.54,185.44740295410156,60.09259704589843,w47575_s10.tif
2026-04-20-15-18-06.csv,43.02635043,12.52316278,245.54,185.44740295410156,60.09259704589843,w47575_s10.tif
2026-04-20-15-18-06.csv,43.02635043,12.52316278,245.54,185.44740295410156,60.09259704589843,w47575_s10.tif
2026-04-20-15-18-06.csv,43.02635043,12.52316278,245.54,185.44740295410156,60.09259704589843,w47575_s10.tif
2026-04-20-15-18-06.csv,43.02635043,12.52316278,245.54,185.44740295410156,60.09259704589843,w47575_s10.tif
2026-04-20-15-18-06.csv,43.02684614,12.52307276,245.33,185.9680938720703,59.3619061279297,w47575_s10.tif
2026-04-20-15-18-06.csv,43.02684614,12.52307276,245.33,185.9680938720703,59.3619061279297,w47575_s10.tif
2026-04-20-15-18-06.csv,43.02684614,12.52307276,245.33,185.9680938720703,59.3619061279297,w47575_s10.tif
2026-04-20-15-18-06.csv,43.02684614,12.52307276,245.33,185.9680938720703,59.3619061279297,w47575_s10.tif
2026-04-20-15-18-06.csv,43.02684614,12.52307276,245.33,185.9680938720703,59.3619061279297,w47575_s10.tif
2026-04-20-15-18-06.csv,43.02684614,12.52307276,245.33,185.9680938720703,59.3619061279297,w47575_s10.tif
2026-04-20-15-18-06.csv,43.02684614,12.52307276,245.33,185.9680938720703,59.3619061279297,w47575_s10.tif
2026-04-20-15-18-06.csv,43.02737948,12.52320129,245.6,186.28750610351562,59.31249389648437,w47575_s10.tif
2026-04-20-15-18-06.csv,43.02737948,12.52320129,245.6,186.28750610351562,59.31249389648437,w47575_s10.tif
2026-04-20-15-18-06.csv,43.02737948,12.52320129,245.6,186.28750610351562,59.31249389648437,w47575_s10.tif
2026-04-20-15-18-06.csv,43.02737948,12.52320129,245.6,186.28750610351562,59.31249389648437,w47575_s10.tif
2026-04-20-15-18-06.csv,43.02737948,12.52320129,245.6,186.28750610351562,59.31249389648437,w47575_s10.tif
2026-04-20-15-18-06.csv,43.02737948,12.52320129,245.6,186.28750610351562,59.31249389648437,w47575_s10.tif
2026-04-20-15-18-06.csv,43.02737948,12.52320129,245.6,186.28750610351562,59.31249389648437,w47575_s10.tif
2026-04-20-15-18-06.csv,43.02778247,12.52335851,248.53,186.07240295410156,62.45759704589844,w47575_s10.tif
2026-04-20-15-18-06.csv,43.02778247,12.52335851,248.53,186.07240295410156,62.45759704589844,w47575_s10.tif
2026-04-20-15-18-06.csv,43.02778247,12.52335851,248.53,186.07240295410156,62.45759704589844,w47575_s10.tif
2026-04-20-15-18-06.csv,43.02778247,12.52335851,248.53,186.07240295410156,62.45759704589844,w47575_s10.tif
2026-04-20-15-18-06.csv,43.02778247,12.52335851,248.53,186.07240295410156,62.45759704589844,w47575_s10.tif
2026-04-20-15-18-06.csv,43.02778247,12.52335851,248.53,186.07240295410156,62.45759704589844,w47575_s10.tif
2026-04-20-15-18-06.csv,43.02778247,12.52335851,248.53,186.07240295410156,62.45759704589844,w47575_s10.tif
2026-04-20-15-18-06.csv,43.02789952,12.52390203,248.43,186.24850463867188,62.18149536132813,w47575_s10.tif
2026-04-20-15-18-06.csv,43.02789952,12.52390203,248.43,186.24850463867188,62.18149536132813,w47575_s10.tif
2026-04-20-15-18-06.csv,43.02789952,12.52390203,248.43,186.24850463867188,62.18149536132813,w47575_s10.tif
2026-04-20-15-18-06.csv,43.02789952,12.52390203,248.43,186.24850463867188,62.18149536132813,w47575_s10.tif
2026-04-20-15-18-06.csv,43.02789952,12.52390203,248.43,186.24850463867188,62.18149536132813,w47575_s10.tif
2026-04-20-15-18-06.csv,43.02789952,12.52390203,248.43,186.24850463867188,62.18149536132813,w47575_s10.tif
2026-04-20-15-18-06.csv,43.02789952,12.52390203,248.43,186.24850463867188,62.18149536132813,w47575_s10.tif
2026-04-20-15-18-06.csv,43.02763393,12.52447865,249.31,186.2111053466797,63.098894653320315,w47575_s10.tif
2026-04-20-15-18-06.csv,43.02763393,12.52447865,249.31,186.2111053466797,63.098894653320315,w47575_s10.tif
2026-04-20-15-18-06.csv,43.02763393,12.52447865,249.31,186.2111053466797,63.098894653320315,w47575_s10.tif
2026-04-20-15-18-06.csv,43.02763393,12.52447865,249.31,186.2111053466797,63.098894653320315,w47575_s10.tif
2026-04-20-15-18-06.csv,43.02763393,12.52447865,249.31,186.2111053466797,63.098894653320315,w47575_s10.tif
2026-04-20-15-18-06.csv,43.02763393,12.52447865,249.31,186.2111053466797,63.098894653320315,w47575_s10.tif
2026-04-20-15-18-06.csv,43.02763393,12.52447865,249.31,186.2111053466797,63.098894653320315,w47575_s10.tif
2026-04-20-15-18-06.csv,43.02739584,12.52497486,248.82,186.20249938964844,62.617500610351556,w47575_s10.tif
2026-04-20-15-18-06.csv,43.02739584,12.52497486,248.82,186.20249938964844,62.617500610351556,w47575_s10.tif
2026-04-20-15-18-06.csv,43.02739584,12.52497486,248.82,186.20249938964844,62.617500610351556,w47575_s10.tif
2026-04-20-15-18-06.csv,43.02739584,12.52497486,248.82,186.20249938964844,62.617500610351556,w47575_s10.tif
2026-04-20-15-18-06.csv,43.02739584,12.52497486,248.82,186.20249938964844,62.617500610351556,w47575_s10.tif
2026-04-20-15-18-06.csv,43.02739584,12.52497486,248.82,186.20249938964844,62.617500610351556,w47575_s10.tif
2026-04-20-15-18-06.csv,43.02739584,12.52497486,248.82,186.20249938964844,62.617500610351556,w47575_s10.tif
2026-04-20-15-18-06.csv,43.0271355,12.52544446,252.71,186.1488037109375,66.56119628906251,w47575_s10.tif
2026-04-20-15-18-06.csv,43.0271355,12.52544446,252.71,186.1488037109375,66.56119628906251,w47575_s10.tif
2026-04-20-15-18-06.csv,43.0271355,12.52544446,252.71,186.1488037109375,66.56119628906251,w47575_s10.tif
2026-04-20-15-18-06.csv,43.0271355,12.52544446,252.71,186.1488037109375,66.56119628906251,w47575_s10.tif
2026-04-20-15-18-06.csv,43.0271355,12.52544446,252.71,186.1488037109375,66.56119628906251,w47575_s10.tif
2026-04-20-15-18-06.csv,43.0271355,12.52544446,252.71,186.1488037109375,66.56119628906251,w47575_s10.tif
2026-04-20-15-18-06.csv,43.02670757,12.52590807,254.93,185.7532958984375,69.1767041015625,w47575_s10.tif
2026-04-20-15-18-06.csv,43.02670757,12.52590807,254.93,185.7532958984375,69.1767041015625,w47575_s10.tif
2026-04-20-15-18-06.csv,43.02670757,12.52590807,254.93,185.7532958984375,69.1767041015625,w47575_s10.tif
2026-04-20-15-18-06.csv,43.02670757,12.52590807,254.93,185.7532958984375,69.1767041015625,w47575_s10.tif
2026-04-20-15-18-06.csv,43.02670757,12.52590807,254.93,185.7532958984375,69.1767041015625,w47575_s10.tif
2026-04-20-15-18-06.csv,43.02670757,12.52590807,254.93,185.7532958984375,69.1767041015625,w47575_s10.tif
2026-04-20-15-18-06.csv,43.02638408,12.52629622,256.53,185.74249267578125,70.78750732421872,w47575_s10.tif
2026-04-20-15-18-06.csv,43.02638408,12.52629622,256.53,185.74249267578125,70.78750732421872,w47575_s10.tif
2026-04-20-15-18-06.csv,43.02638408,12.52629622,256.53,185.74249267578125,70.78750732421872,w47575_s10.tif
2026-04-20-15-18-06.csv,43.02638408,12.52629622,256.53,185.74249267578125,70.78750732421872,w47575_s10.tif
2026-04-20-15-18-06.csv,43.02638408,12.52629622,256.53,185.74249267578125,70.78750732421872,w47575_s10.tif
2026-04-20-15-18-06.csv,43.02638408,12.52629622,256.53,185.74249267578125,70.78750732421872,w47575_s10.tif
2026-04-20-15-18-06.csv,43.02602194,12.52664525,256.67,185.5695037841797,71.10049621582033,w47575_s10.tif
2026-04-20-15-18-06.csv,43.02602194,12.52664525,256.67,185.5695037841797,71.10049621582033,w47575_s10.tif
2026-04-20-15-18-06.csv,43.02602194,12.52664525,256.67,185.5695037841797,71.10049621582033,w47575_s10.tif
2026-04-20-15-18-06.csv,43.02602194,12.52664525,256.67,185.5695037841797,71.10049621582033,w47575_s10.tif
2026-04-20-15-18-06.csv,43.02602194,12.52664525,256.67,185.5695037841797,71.10049621582033,w47575_s10.tif
2026-04-20-15-18-06.csv,43.02602194,12.52664525,256.67,185.5695037841797,71.10049621582033,w47575_s10.tif
2026-04-20-15-18-06.csv,43.02602194,12.52664525,256.67,185.5695037841797,71.10049621582033,w47575_s10.tif
2026-04-20-15-18-06.csv,43.02568243,12.52700276,257.37,185.5019073486328,71.86809265136719,w47575_s10.tif
2026-04-20-15-18-06.csv,43.02568243,12.52700276,257.37,185.5019073486328,71.86809265136719,w47575_s10.tif
2026-04-20-15-18-06.csv,43.02568243,12.52700276,257.37,185.5019073486328,71.86809265136719,w47575_s10.tif
2026-04-20-15-18-06.csv,43.02568243,12.52700276,257.37,185.5019073486328,71.86809265136719,w47575_s10.tif
2026-04-20-15-18-06.csv,43.02568243,12.52700276,257.37,185.5019073486328,71.86809265136719,w47575_s10.tif
2026-04-20-15-18-06.csv,43.02568243,12.52700276,257.37,185.5019073486328,71.86809265136719,w47575_s10.tif
2026-04-20-15-18-06.csv,43.02568243,12.52700276,257.37,185.5019073486328,71.86809265136719,w47575_s10.tif
2026-04-20-15-18-06.csv,43.0253337,12.52736437,257.21,185.47779846191406,71.73220153808592,w47575_s10.tif
2026-04-20-15-18-06.csv,43.0253337,12.52736437,257.21,185.47779846191406,71.73220153808592,w47575_s10.tif
2026-04-20-15-18-06.csv,43.0253337,12.52736437,257.21,185.47779846191406,71.73220153808592,w47575_s10.tif
2026-04-20-15-18-06.csv,43.0253337,12.52736437,257.21,185.47779846191406,71.73220153808592,w47575_s10.tif
2026-04-20-15-18-06.csv,43.0253337,12.52736437,257.21,185.47779846191406,71.73220153808592,w47575_s10.tif
2026-04-20-15-18-06.csv,43.0253337,12.52736437,257.21,185.47779846191406,71.73220153808592,w47575_s10.tif
2026-04-20-15-18-06.csv,43.0253337,12.52736437,257.21,185.47779846191406,71.73220153808592,w47575_s10.tif
2026-04-20-15-18-06.csv,43.02498077,12.52770107,256.95,185.46560668945312,71.48439331054686,w47575_s10.tif
2026-04-20-15-18-06.csv,43.02498077,12.52770107,256.95,185.46560668945312,71.48439331054686,w47575_s10.tif
2026-04-20-15-18-06.csv,43.02498077,12.52770107,256.95,185.46560668945312,71.48439331054686,w47575_s10.tif
2026-04-20-15-18-06.csv,43.02498077,12.52770107,256.95,185.46560668945312,71.48439331054686,w47575_s10.tif
2026-04-20-15-18-06.csv,43.02498077,12.52770107,256.95,185.46560668945312,71.48439331054686,w47575_s10.tif
2026-04-20-15-18-06.csv,43.02498077,12.52770107,256.95,185.46560668945312,71.48439331054686,w47575_s10.tif
2026-04-20-15-18-06.csv,43.02498077,12.52770107,256.95,185.46560668945312,71.48439331054686,w47575_s10.tif
2026-04-20-15-18-06.csv,43.02458648,12.52807171,254.45,185.49029541015625,68.95970458984374,w47575_s10.tif
2026-04-20-15-18-06.csv,43.02458648,12.52807171,254.45,185.49029541015625,68.95970458984374,w47575_s10.tif
2026-04-20-15-18-06.csv,43.02458648,12.52807171,254.45,185.49029541015625,68.95970458984374,w47575_s10.tif
2026-04-20-15-18-06.csv,43.02458648,12.52807171,254.45,185.49029541015625,68.95970458984374,w47575_s10.tif
2026-04-20-15-18-06.csv,43.02458648,12.52807171,254.45,185.49029541015625,68.95970458984374,w47575_s10.tif
2026-04-20-15-18-06.csv,43.02458648,12.52807171,254.45,185.49029541015625,68.95970458984374,w47575_s10.tif
2026-04-20-15-18-06.csv,43.02458648,12.52807171,254.45,185.49029541015625,68.95970458984374,w47575_s10.tif
2026-04-20-15-35-54.csv,43.03854688,12.50072125,261.92,188.78770446777344,73.13229553222658,w47575_s10.tif
2026-04-20-15-35-54.csv,43.0382999,12.50126027,269.24,188.66200256347656,80.57799743652345,w47575_s10.tif
2026-04-20-15-35-54.csv,43.03824507,12.50137442,269.55,188.71420288085938,80.83579711914064,w47575_s10.tif
2026-04-20-15-35-54.csv,43.03805232,12.50190889,262.15,189.48919677734375,72.66080322265623,w47575_s10.tif
2026-04-20-15-35-54.csv,43.03787205,12.50258003,263.68,190.53030395507812,73.14969604492188,w47575_s10.tif
2026-04-20-15-35-54.csv,43.03777142,12.50314657,264.52,190.39149475097656,74.12850524902342,w47575_s10.tif
2026-04-20-15-35-54.csv,43.03790702,12.50375452,271.07,190.2324981689453,80.83750183105468,w47575_s10.tif
2026-04-20-15-35-54.csv,43.0381834,12.50440251,264.63,190.45289611816406,74.17710388183593,w47575_s10.tif
2026-04-20-15-35-54.csv,43.03825673,12.50456921,264.43,190.4906005859375,73.9393994140625,w47575_s10.tif
2026-04-20-15-35-54.csv,43.0384927,12.50506123,263.19,190.65679931640625,72.53320068359375,w47575_s10.tif
2026-04-20-15-35-54.csv,43.03888603,12.50536261,270.37,190.7761993408203,79.59380065917969,w47575_s10.tif
2026-04-20-15-35-54.csv,43.0393457,12.50530748,272.03,190.9311981201172,81.09880187988279,w47575_s10.tif
2026-04-20-15-35-54.csv,43.03984973,12.50512571,264.24,191.01890563964844,73.22109436035157,w47575_s10.tif
2026-04-20-15-35-54.csv,43.04025695,12.50475475,263.06,191.0102996826172,72.04970031738281,w47575_s10.tif
2026-04-20-15-35-54.csv,43.0403707,12.50464828,262.78,190.97720336914062,71.80279663085935,w47575_s10.tif
2026-04-20-15-35-54.csv,43.04079869,12.50436279,270.11,190.85369873046875,79.25630126953126,w47575_s10.tif
2026-04-20-15-35-54.csv,43.04120346,12.50407389,269.77,190.77980041503906,78.99019958496092,w47575_s10.tif
2026-04-20-15-35-54.csv,43.04158395,12.50378027,270.03,190.66290283203125,79.36709716796872,w47575_s10.tif
2026-04-20-15-35-54.csv,43.04172994,12.50368013,270.14,190.65660095214844,79.48339904785155,w47575_s10.tif
2026-04-20-15-35-54.csv,43.04211886,12.50333965,269.05,190.64010620117188,78.40989379882814,w47575_s10.tif
2026-04-20-15-35-54.csv,43.04251051,12.50301334,269.18,190.4322967529297,78.74770324707032,w47575_s10.tif
2026-04-20-15-35-54.csv,43.04287084,12.50270528,271.72,190.23779296875,81.48220703125003,w47575_s10.tif
2026-04-20-15-35-54.csv,43.04328202,12.50299907,271.73,190.16659545898438,81.56340454101564,w47575_s10.tif
2026-04-20-15-35-54.csv,43.04347898,12.50350623,269.62,190.1074981689453,79.51250183105469,w47575_s10.tif
2026-04-20-15-35-54.csv,43.04351757,12.50415594,269.69,190.24020385742188,79.44979614257812,w47575_s10.tif
2026-04-20-15-35-54.csv,43.04327674,12.50442401,261.24,190.2274932861328,71.0125067138672,w47575_s10.tif
2026-04-20-15-35-54.csv,43.04285998,12.50412871,260.67,190.70249938964844,69.96750061035158,w47575_s10.tif
2026-04-20-15-35-54.csv,43.04246909,12.50380762,257.71,190.61439514160156,67.09560485839842,w47575_s10.tif
2026-04-20-15-35-54.csv,43.04202961,12.50343623,260.94,190.67190551757812,70.26809448242187,w47575_s10.tif
2026-04-20-15-35-54.csv,43.04156941,12.50303123,257.05,190.5395965576172,66.51040344238282,w47575_s10.tif
2026-04-20-15-35-54.csv,43.04122292,12.50271871,256.33,190.45140075683594,65.87859924316405,w47575_s10.tif
2026-04-20-15-35-54.csv,43.04122292,12.50271871,256.33,190.45140075683594,65.87859924316405,w47575_s10.tif
2026-04-20-15-35-54.csv,43.04077049,12.50235544,257.11,190.27569580078125,66.83430419921876,w47575_s10.tif
2026-04-20-15-35-54.csv,43.04041114,12.50205076,252.16,190.04100036621094,62.11899963378906,w47575_s10.tif
2026-04-20-15-35-54.csv,43.04004027,12.50176433,252.68,190.11380004882812,62.56619995117188,w47575_s10.tif
2026-04-20-15-35-54.csv,43.03965499,12.50147525,249.85,189.7978057861328,60.05219421386718,w47575_s10.tif
2026-04-20-15-35-54.csv,43.03930448,12.50116997,248.35,189.31680297851562,59.03319702148437,w47575_s10.tif
2026-04-20-15-35-54.csv,43.03893176,12.50090863,248.32,188.85549926757812,59.46450073242187,w47575_s10.tif
2026-04-20-15-35-54.csv,43.03881115,12.50081511,248.81,188.7991943359375,60.0108056640625,w47575_s10.tif
2026-04-20-15-35-54.csv,43.03843627,12.50055129,248.9,188.83070373535156,60.06929626464844,w47575_s10.tif
2026-04-20-15-35-54.csv,43.03804751,12.50025357,248.0,188.64849853515625,59.35150146484375,w47575_s10.tif
2026-04-20-15-35-54.csv,43.03755127,12.5001361,248.21,188.44090270996094,59.76909729003907,w47575_s10.tif
2026-04-20-15-35-54.csv,43.03755127,12.5001361,248.21,188.44090270996094,59.76909729003907,w47575_s10.tif
2026-04-20-15-35-54.csv,43.03702348,12.50018274,248.63,186.841796875,61.788203124999995,w47575_s10.tif
2026-04-20-15-35-54.csv,43.03676462,12.50062509,248.72,186.76870727539062,61.951292724609374,w47575_s10.tif
2026-04-20-15-35-54.csv,43.03653976,12.5012582,248.79,187.60400390625,61.18599609374999,w47575_s10.tif
2026-04-20-15-35-54.csv,43.03648142,12.50192572,249.15,188.9293975830078,60.22060241699219,w47575_s10.tif
2026-04-20-15-35-54.csv,43.03678103,12.50194378,314.19,189.1894073486328,125.00059265136719,w47575_s10.tif
2026-04-20-15-35-54.csv,43.03719316,12.50173795,266.33,189.85780334472656,76.47219665527342,w47575_s10.tif
2026-04-20-15-35-54.csv,43.03765617,12.50135027,266.93,188.79510498046875,78.13489501953126,w47575_s10.tif
2026-04-20-15-35-54.csv,43.03790802,12.50113311,267.52,188.72439575195312,78.79560424804686,w47575_s10.tif
2026-04-20-15-35-54.csv,43.03827689,12.50078587,267.84,188.7938995361328,79.04610046386716,w47575_s10.tif
2026-04-20-15-35-54.csv,43.03864641,12.50051982,325.25,188.85580444335938,136.39419555664062,w47575_s10.tif
2026-04-20-15-35-54.csv,43.03883377,12.500354,321.76,188.90350341796875,132.85649658203124,w47575_s10.tif
2026-04-20-15-35-54.csv,43.03920229,12.49986173,253.12,188.7220001220703,64.39799987792969,w47575_s10.tif
2026-04-20-15-35-54.csv,43.03946713,12.49939111,257.96,188.5944061279297,69.36559387207029,w47575_s10.tif
2026-04-20-15-35-54.csv,43.039675,12.49910727,258.92,188.62989807128906,70.29010192871095,w47575_s10.tif
2026-04-20-15-35-54.csv,43.03994945,12.49868149,260.32,188.61830139160156,71.70169860839843,w47575_s10.tif
2026-04-20-15-35-54.csv,43.03969385,12.49812162,313.4,188.110595703125,125.28940429687498,w47575_s10.tif
2026-04-20-15-35-54.csv,43.03969385,12.49812162,313.4,188.110595703125,125.28940429687498,w47575_s10.tif
2026-04-20-15-35-54.csv,43.0392756,12.49789692,315.25,187.64630126953125,127.60369873046875,w47575_s10.tif
2026-04-20-15-35-54.csv,43.03892596,12.49826388,316.12,188.0756072998047,128.04439270019532,w47575_s10.tif
2026-04-20-15-35-54.csv,43.03868689,12.49891679,309.32,188.51080322265625,120.80919677734374,w47575_s10.tif
2026-04-20-15-35-54.csv,43.03851057,12.49944954,305.14,188.7563934326172,116.3836065673828,w47575_s10.tif
2026-04-20-15-35-54.csv,43.0384184,12.50001152,302.83,188.79469299316406,114.03530700683592,w47575_s10.tif
2026-04-20-15-35-54.csv,43.03846188,12.50059374,304.89,188.82949829101562,116.06050170898436,w47575_s10.tif
2026-04-20-15-35-54.csv,43.0384229,12.50117139,300.61,188.68060302734375,111.92939697265626,w47575_s10.tif
2026-04-20-15-35-54.csv,43.03856251,12.50183183,276.19,189.12210083007812,87.06789916992187,w47575_s10.tif
2026-04-20-15-35-54.csv,43.03863632,12.50194626,269.21,189.24310302734375,79.96689697265623,w47575_s10.tif
2026-04-20-15-35-54.csv,43.0389705,12.5025163,267.01,189.87890625,77.13109374999999,w47575_s10.tif
2026-04-20-15-35-54.csv,43.03924851,12.5029621,267.09,190.3809051513672,76.70909484863279,w47575_s10.tif
2026-04-20-15-35-54.csv,43.03952876,12.50344565,263.71,190.39480590820312,73.31519409179685,w47575_s10.tif
2026-04-20-15-35-54.csv,43.03952876,12.50344565,263.71,190.39480590820312,73.31519409179685,w47575_s10.tif
2026-04-20-15-35-54.csv,43.03989702,12.50372101,270.3,190.59519958496094,79.70480041503907,w47575_s10.tif
2026-04-20-15-35-54.csv,43.0401044,12.50315973,272.19,190.40989685058594,81.78010314941406,w47575_s10.tif
2026-04-20-15-35-54.csv,43.04015329,12.50241792,254.45,190.1652069091797,64.2847930908203,w47575_s10.tif
2026-04-20-15-35-54.csv,43.04018347,12.50183019,255.5,190.0498046875,65.4501953125,w47575_s10.tif
2026-04-20-15-35-54.csv,43.04042948,12.50125834,302.41,190.03880310058594,112.37119689941409,w47575_s10.tif
2026-04-20-15-35-54.csv,43.04042948,12.50125834,302.41,190.03880310058594,112.37119689941409,w47575_s10.tif
2026-04-20-15-35-54.csv,43.04076101,12.50092769,309.56,190.4958038330078,119.06419616699219,w47575_s10.tif
2026-04-20-15-35-54.csv,43.04111751,12.50056963,268.13,190.46409606933594,77.66590393066406,w47575_s10.tif
2026-04-20-15-35-54.csv,43.04127812,12.50001848,304.52,190.46490478515625,114.05509521484373,w47575_s10.tif
2026-04-20-15-35-54.csv,43.04098322,12.49956898,301.65,190.0124969482422,111.63750305175779,w47575_s10.tif
2026-04-20-15-35-54.csv,43.04065615,12.49915851,305.78,189.53050231933594,116.24949768066404,w47575_s10.tif
2026-04-20-15-35-54.csv,43.04025748,12.49960184,280.34,189.4770965576172,90.86290344238279,w47575_s10.tif
2026-04-20-15-35-54.csv,43.04012743,12.50013426,298.96,189.6759033203125,109.28409667968748,w47575_s10.tif
2026-04-20-15-35-54.csv,43.03965524,12.50004103,276.58,189.2635040283203,87.31649597167967,w47575_s10.tif
2026-04-20-15-35-54.csv,43.03931103,12.49964743,277.4,188.68370056152344,88.71629943847654,w47575_s10.tif
2026-04-20-15-35-54.csv,43.03897348,12.49922462,277.68,188.556396484375,89.123603515625,w47575_s10.tif
2026-04-20-15-35-54.csv,43.03863451,12.4987867,278.05,188.47109985351562,89.57890014648439,w47575_s10.tif
2026-04-20-15-35-54.csv,43.03854308,12.49867498,278.07,188.431396484375,89.638603515625,w47575_s10.tif
2026-04-20-15-35-54.csv,43.03823793,12.49815867,271.53,188.1884002685547,83.34159973144529,w47575_s10.tif
2026-04-20-15-35-54.csv,43.03864333,12.49783666,271.57,187.88290405273438,83.68709594726562,w47575_s10.tif
2026-04-20-15-35-54.csv,43.0387778,12.49778869,271.75,187.8153076171875,83.9346923828125,w47575_s10.tif
2026-04-20-15-35-54.csv,43.03920683,12.4976239,270.67,187.53309631347656,83.13690368652345,w47575_s10.tif
2026-04-20-15-35-54.csv,43.03960784,12.49784896,276.97,187.89810180664062,89.0718981933594,w47575_s10.tif
2026-04-20-15-35-54.csv,43.03937718,12.49847653,274.89,187.9918975830078,86.89810241699217,w47575_s10.tif
2026-04-20-15-35-54.csv,43.03911063,12.49906274,304.35,188.41529846191406,115.93470153808596,w47575_s10.tif
2026-04-20-15-35-54.csv,43.03895679,12.49939864,304.72,188.6739959716797,116.04600402832034,w47575_s10.tif
2026-04-20-15-35-54.csv,43.03875096,12.49990747,308.02,188.73199462890625,119.28800537109373,w47575_s10.tif
2026-04-20-15-35-54.csv,43.03902237,12.50040533,267.58,189.07650756835938,78.50349243164061,w47575_s10.tif
2026-04-20-15-35-54.csv,43.03939056,12.50072754,267.63,189.37950134277344,78.25049865722656,w47575_s10.tif
2026-04-20-15-35-54.csv,43.03939056,12.50072754,267.63,189.37950134277344,78.25049865722656,w47575_s10.tif
2026-04-20-15-35-54.csv,43.03960743,12.50121849,273.5,189.6529998779297,83.84700012207031,w47575_s10.tif
2026-04-20-15-35-54.csv,43.03943893,12.50186371,274.39,189.52679443359375,84.86320556640624,w47575_s10.tif
2026-04-20-15-35-54.csv,43.03919926,12.50261171,274.14,190.0366973876953,84.10330261230467,w47575_s10.tif
2026-04-20-15-35-54.csv,43.03900501,12.50316572,274.42,190.3520965576172,84.06790344238283,w47575_s10.tif
2026-04-20-15-35-54.csv,43.03861588,12.50368617,274.24,190.13589477539062,84.10410522460938,w47575_s10.tif
2026-04-20-15-35-54.csv,43.03849518,12.50380737,268.78,190.14219665527344,78.63780334472654,w47575_s10.tif
2026-04-20-15-35-54.csv,43.03814375,12.50416598,269.04,190.34689331054688,78.69310668945315,w47575_s10.tif
2026-04-20-15-35-54.csv,43.03769701,12.50437435,268.09,190.5281982421875,77.56180175781247,w47575_s10.tif
2026-04-20-15-35-54.csv,43.03741552,12.50421844,268.55,190.42840576171875,78.12159423828126,w47575_s10.tif
2026-04-20-15-35-54.csv,43.03727762,12.50366383,268.31,190.40919494628906,77.90080505371094,w47575_s10.tif
2026-04-20-15-35-54.csv,43.03742276,12.50299973,268.77,190.90020751953125,77.86979248046873,w47575_s10.tif
2026-04-20-15-35-54.csv,43.03755692,12.50243023,268.97,191.20790100097656,77.76209899902346,w47575_s10.tif
2026-04-20-15-35-54.csv,43.03777204,12.50193885,269.46,190.11380004882812,79.34619995117185,w47575_s10.tif
2026-04-20-15-35-54.csv,43.03804199,12.50151039,269.2,188.82969665527344,80.37030334472655,w47575_s10.tif
2026-04-20-15-35-54.csv,43.03833426,12.50111963,269.04,188.69039916992188,80.34960083007815,w47575_s10.tif
2026-04-20-15-35-54.csv,43.03866032,12.50073872,267.65,188.77870178222656,78.87129821777341,w47575_s10.tif
2026-04-20-15-35-54.csv,43.03907212,12.50075791,276.27,189.07200622558594,87.19799377441404,w47575_s10.tif
2026-04-20-15-35-54.csv,43.03906239,12.5009948,275.26,189.00259399414062,86.25740600585937,w47575_s10.tif
2026-04-20-15-35-54.csv,43.0388561,12.50159706,275.21,188.9694061279297,86.24059387207029,w47575_s10.tif
2026-04-20-15-35-54.csv,43.03856667,12.50213274,269.72,189.36399841308594,80.35600158691409,w47575_s10.tif
2026-04-20-15-35-54.csv,43.03853933,12.50150368,293.36,188.79629516601562,104.56370483398439,w47575_s10.tif
2026-04-20-15-35-54.csv,43.03828676,12.5011257,310.2,188.70010375976562,121.49989624023436,w47575_s10.tif
2026-04-20-15-35-54.csv,43.03857735,12.50084365,264.01,188.74859619140625,75.26140380859374,w47575_s10.tif
