mcc,mnc,lac,cell_id,short_cell_id,rnc,psc,asu,dbm,ta,lat,lon,accuracy,speed,bearing,altitude,measured_at,net_type,neighboring,discovered_at,device,rsrp,rsrq,rssi,rssnr,cqi,rscp,csi_rsrp,csi_rsrq,csi_sinr,ss_rsrp,ss_rsrq,ss_sinr,cdma_dbm,cdma_ecio,evdo_dbm,evdo_ecio,evdo_snr,ec_no,arfcn
222,1,25306,35657,,,,16,-81,5,43.02435540,12.52830360,3.22,0,0,238.75,"2026-04-20T13:10:55.656Z",GSM,false,"2026-04-20T13:10:55.656Z","Xiaomi Redmi Note 7",,,-81,,,,,,,,,,,,,,,,9
222,1,25306,175,,,,14,-85,,43.02435540,12.52830360,3.22,0,0,238.75,"2026-04-20T13:10:55.656Z",GSM,true,"2026-04-20T13:10:55.656Z","Xiaomi Redmi Note 7",,,-85,,,,,,,,,,,,,,,,1022
222,1,25306,2283,,,,11,-91,,43.02435540,12.52830360,3.22,0,0,238.75,"2026-04-20T13:10:55.656Z",GSM,true,"2026-04-20T13:10:55.656Z","Xiaomi Redmi Note 7",,,-91,,,,,,,,,,,,,,,,1011
222,1,25306,652,,,,13,-87,,43.02435540,12.52830360,3.22,0,0,238.75,"2026-04-20T13:10:55.656Z",GSM,true,"2026-04-20T13:10:55.656Z","Xiaomi Redmi Note 7",,,-87,,,,,,,,,,,,,,,,1010
222,1,25306,35434,,,,11,-91,,43.02435540,12.52830360,3.22,0,0,238.75,"2026-04-20T13:10:55.656Z",GSM,true,"2026-04-17T09:53:58.529Z","Xiaomi Redmi Note 7",,,-91,,,,,,,,,,,,,,,,20
222,1,25306,35362,,,,11,-91,,43.02435540,12.52830360,3.22,0,0,238.75,"2026-04-20T13:10:55.656Z",GSM,true,"2026-04-20T13:10:55.656Z","Xiaomi Redmi Note 7",,,-91,,,,,,,,,,,,,,,,2
222,1,25306,35657,,,,18,-77,0,43.02471533,12.52864198,3.22,5.51,34.3,250.96,"2026-04-20T13:12:02.657Z",GSM,false,"2026-04-20T13:10:55.656Z","Xiaomi Redmi Note 7",,,-77,,,,,,,,,,,,,,,,9
222,1,25306,175,,,,15,-83,,43.02471533,12.52864198,3.22,5.51,34.3,250.96,"2026-04-20T13:12:02.657Z",GSM,true,"2026-04-20T13:10:55.656Z","Xiaomi Redmi Note 7",,,-83,,,,,,,,,,,,,,,,1022
222,1,25306,652,,,,13,-87,,43.02471533,12.52864198,3.22,5.51,34.3,250.96,"2026-04-20T13:12:02.657Z",GSM,true,"2026-04-20T13:10:55.656Z","Xiaomi Redmi Note 7",,,-87,,,,,,,,,,,,,,,,1010
222,1,25306,35434,,,,13,-87,,43.02471533,12.52864198,3.22,5.51,34.3,250.96,"2026-04-20T13:12:02.657Z",GSM,true,"2026-04-17T09:53:58.529Z","Xiaomi Redmi Note 7",,,-87,,,,,,,,,,,,,,,,20
222,1,25306,35607,,,,13,-87,,43.02471533,12.52864198,3.22,5.51,34.3,250.96,"2026-04-20T13:12:02.657Z",GSM,true,"2026-04-20T13:12:02.657Z","Xiaomi Redmi Note 7",,,-87,,,,,,,,,,,,,,,,1002
222,1,25305,208,,,,11,-91,,43.02471533,12.52864198,3.22,5.51,34.3,250.96,"2026-04-20T13:12:02.657Z",GSM,true,"2026-04-20T13:12:02.657Z","Xiaomi Redmi Note 7",,,-91,,,,,,,,,,,,,,,,1009
222,1,25306,36650,,,,11,-91,,43.02471533,12.52864198,3.22,5.51,34.3,250.96,"2026-04-20T13:12:02.657Z",GSM,true,"2026-04-20T13:12:02.657Z","Xiaomi Redmi Note 7",,,-91,,,,,,,,,,,,,,,,1023
222,1,25306,35657,,,,18,-77,5,43.02510613,12.52896190,3.22,9.63,35.4,253.13,"2026-04-20T13:12:09.652Z",GSM,false,"2026-04-20T13:10:55.656Z","Xiaomi Redmi Note 7",,,-77,,,,,,,,,,,,,,,,9
222,1,25306,652,,,,17,-79,,43.02510613,12.52896190,3.22,9.63,35.4,253.13,"2026-04-20T13:12:09.652Z",GSM,true,"2026-04-20T13:10:55.656Z","Xiaomi Redmi Note 7",,,-79,,,,,,,,,,,,,,,,1010
222,1,25306,35607,,,,20,-73,,43.02510613,12.52896190,3.22,9.63,35.4,253.13,"2026-04-20T13:12:09.652Z",GSM,true,"2026-04-20T13:12:02.657Z","Xiaomi Redmi Note 7",,,-73,,,,,,,,,,,,,,,,1002
222,1,25305,208,,,,19,-75,,43.02510613,12.52896190,3.22,9.63,35.4,253.13,"2026-04-20T13:12:09.652Z",GSM,true,"2026-04-20T13:12:02.657Z","Xiaomi Redmi Note 7",,,-75,,,,,,,,,,,,,,,,1009
222,1,25306,2283,,,,17,-79,,43.02510613,12.52896190,3.22,9.63,35.4,253.13,"2026-04-20T13:12:09.652Z",GSM,true,"2026-04-20T13:10:55.656Z","Xiaomi Redmi Note 7",,,-79,,,,,,,,,,,,,,,,1011
222,1,25306,35362,,,,17,-79,,43.02510613,12.52896190,3.22,9.63,35.4,253.13,"2026-04-20T13:12:09.652Z",GSM,true,"2026-04-20T13:10:55.656Z","Xiaomi Redmi Note 7",,,-79,,,,,,,,,,,,,,,,2
222,1,25306,36650,,,,18,-77,,43.02510613,12.52896190,3.22,9.63,35.4,253.13,"2026-04-20T13:12:09.652Z",GSM,true,"2026-04-20T13:12:02.657Z","Xiaomi Redmi Note 7",,,-77,,,,,,,,,,,,,,,,1023
222,1,25306,35657,,,,18,-77,5,43.02552818,12.52920997,16.08,8,333.6,249.77,"2026-04-20T13:12:14.651Z",GSM,false,"2026-04-20T13:10:55.656Z","Xiaomi Redmi Note 7",,,-77,,,,,,,,,,,,,,,,9
222,1,25306,652,,,,17,-79,,43.02552818,12.52920997,16.08,8,333.6,249.77,"2026-04-20T13:12:14.651Z",GSM,true,"2026-04-20T13:10:55.656Z","Xiaomi Redmi Note 7",,,-79,,,,,,,,,,,,,,,,1010
222,1,25306,35607,,,,20,-73,,43.02552818,12.52920997,16.08,8,333.6,249.77,"2026-04-20T13:12:14.651Z",GSM,true,"2026-04-20T13:12:02.657Z","Xiaomi Redmi Note 7",,,-73,,,,,,,,,,,,,,,,1002
222,1,25305,208,,,,19,-75,,43.02552818,12.52920997,16.08,8,333.6,249.77,"2026-04-20T13:12:14.651Z",GSM,true,"2026-04-20T13:12:02.657Z","Xiaomi Redmi Note 7",,,-75,,,,,,,,,,,,,,,,1009
222,1,25306,2283,,,,17,-79,,43.02552818,12.52920997,16.08,8,333.6,249.77,"2026-04-20T13:12:14.651Z",GSM,true,"2026-04-20T13:10:55.656Z","Xiaomi Redmi Note 7",,,-79,,,,,,,,,,,,,,,,1011
222,1,25306,35362,,,,17,-79,,43.02552818,12.52920997,16.08,8,333.6,249.77,"2026-04-20T13:12:14.651Z",GSM,true,"2026-04-20T13:10:55.656Z","Xiaomi Redmi Note 7",,,-79,,,,,,,,,,,,,,,,2
222,1,25306,36650,,,,18,-77,,43.02552818,12.52920997,16.08,8,333.6,249.77,"2026-04-20T13:12:14.651Z",GSM,true,"2026-04-20T13:12:02.657Z","Xiaomi Redmi Note 7",,,-77,,,,,,,,,,,,,,,,1023
222,1,25306,35657,,,,18,-77,5,43.02577939,12.52860921,4.29,11.56,309.9,250.16,"2026-04-20T13:12:20.653Z",GSM,false,"2026-04-20T13:10:55.656Z","Xiaomi Redmi Note 7",,,-77,,,,,,,,,,,,,,,,9
222,1,25306,652,,,,19,-75,,43.02577939,12.52860921,4.29,11.56,309.9,250.16,"2026-04-20T13:12:20.653Z",GSM,true,"2026-04-20T13:10:55.656Z","Xiaomi Redmi Note 7",,,-75,,,,,,,,,,,,,,,,1010
222,1,25306,35607,,,,20,-73,,43.02577939,12.52860921,4.29,11.56,309.9,250.16,"2026-04-20T13:12:20.653Z",GSM,true,"2026-04-20T13:12:02.657Z","Xiaomi Redmi Note 7",,,-73,,,,,,,,,,,,,,,,1002
222,1,25305,208,,,,21,-71,,43.02577939,12.52860921,4.29,11.56,309.9,250.16,"2026-04-20T13:12:20.653Z",GSM,true,"2026-04-20T13:12:02.657Z","Xiaomi Redmi Note 7",,,-71,,,,,,,,,,,,,,,,1009
222,1,25306,2283,,,,20,-73,,43.02577939,12.52860921,4.29,11.56,309.9,250.16,"2026-04-20T13:12:20.653Z",GSM,true,"2026-04-20T13:10:55.656Z","Xiaomi Redmi Note 7",,,-73,,,,,,,,,,,,,,,,1011
222,1,25306,35362,,,,20,-73,,43.02577939,12.52860921,4.29,11.56,309.9,250.16,"2026-04-20T13:12:20.653Z",GSM,true,"2026-04-20T13:10:55.656Z","Xiaomi Redmi Note 7",,,-73,,,,,,,,,,,,,,,,2
222,1,25306,36650,,,,22,-69,,43.02577939,12.52860921,4.29,11.56,309.9,250.16,"2026-04-20T13:12:20.653Z",GSM,true,"2026-04-20T13:12:02.657Z","Xiaomi Redmi Note 7",,,-69,,,,,,,,,,,,,,,,1023
222,1,25306,35657,,,,18,-77,5,43.02605278,12.52812686,4.29,11.92,307.3,252.01,"2026-04-20T13:12:24.661Z",GSM,false,"2026-04-20T13:10:55.656Z","Xiaomi Redmi Note 7",,,-77,,,,,,,,,,,,,,,,9
222,1,25306,652,,,,19,-75,,43.02605278,12.52812686,4.29,11.92,307.3,252.01,"2026-04-20T13:12:24.661Z",GSM,true,"2026-04-20T13:10:55.656Z","Xiaomi Redmi Note 7",,,-75,,,,,,,,,,,,,,,,1010
222,1,25306,35607,,,,20,-73,,43.02605278,12.52812686,4.29,11.92,307.3,252.01,"2026-04-20T13:12:24.661Z",GSM,true,"2026-04-20T13:12:02.657Z","Xiaomi Redmi Note 7",,,-73,,,,,,,,,,,,,,,,1002
222,1,25305,208,,,,21,-71,,43.02605278,12.52812686,4.29,11.92,307.3,252.01,"2026-04-20T13:12:24.661Z",GSM,true,"2026-04-20T13:12:02.657Z","Xiaomi Redmi Note 7",,,-71,,,,,,,,,,,,,,,,1009
222,1,25306,2283,,,,20,-73,,43.02605278,12.52812686,4.29,11.92,307.3,252.01,"2026-04-20T13:12:24.661Z",GSM,true,"2026-04-20T13:10:55.656Z","Xiaomi Redmi Note 7",,,-73,,,,,,,,,,,,,,,,1011
222,1,25306,35362,,,,20,-73,,43.02605278,12.52812686,4.29,11.92,307.3,252.01,"2026-04-20T13:12:24.661Z",GSM,true,"2026-04-20T13:10:55.656Z","Xiaomi Redmi Note 7",,,-73,,,,,,,,,,,,,,,,2
222,1,25306,36650,,,,22,-69,,43.02605278,12.52812686,4.29,11.92,307.3,252.01,"2026-04-20T13:12:24.661Z",GSM,true,"2026-04-20T13:12:02.657Z","Xiaomi Redmi Note 7",,,-69,,,,,,,,,,,,,,,,1023
222,1,25306,35657,,,,18,-77,5,43.02633585,12.52764969,3.22,13.09,306.1,253.1,"2026-04-20T13:12:28.648Z",GSM,false,"2026-04-20T13:10:55.656Z","Xiaomi Redmi Note 7",,,-77,,,,,,,,,,,,,,,,9
222,1,25306,652,,,,19,-75,,43.02633585,12.52764969,3.22,13.09,306.1,253.1,"2026-04-20T13:12:28.648Z",GSM,true,"2026-04-20T13:10:55.656Z","Xiaomi Redmi Note 7",,,-75,,,,,,,,,,,,,,,,1010
222,1,25306,35607,,,,20,-73,,43.02633585,12.52764969,3.22,13.09,306.1,253.1,"2026-04-20T13:12:28.648Z",GSM,true,"2026-04-20T13:12:02.657Z","Xiaomi Redmi Note 7",,,-73,,,,,,,,,,,,,,,,1002
222,1,25305,208,,,,21,-71,,43.02633585,12.52764969,3.22,13.09,306.1,253.1,"2026-04-20T13:12:28.648Z",GSM,true,"2026-04-20T13:12:02.657Z","Xiaomi Redmi Note 7",,,-71,,,,,,,,,,,,,,,,1009
222,1,25306,2283,,,,20,-73,,43.02633585,12.52764969,3.22,13.09,306.1,253.1,"2026-04-20T13:12:28.648Z",GSM,true,"2026-04-20T13:10:55.656Z","Xiaomi Redmi Note 7",,,-73,,,,,,,,,,,,,,,,1011
222,1,25306,35362,,,,20,-73,,43.02633585,12.52764969,3.22,13.09,306.1,253.1,"2026-04-20T13:12:28.648Z",GSM,true,"2026-04-20T13:10:55.656Z","Xiaomi Redmi Note 7",,,-73,,,,,,,,,,,,,,,,2
222,1,25306,36650,,,,22,-69,,43.02633585,12.52764969,3.22,13.09,306.1,253.1,"2026-04-20T13:12:28.648Z",GSM,true,"2026-04-20T13:12:02.657Z","Xiaomi Redmi Note 7",,,-69,,,,,,,,,,,,,,,,1023
222,1,25306,35657,,,,18,-77,5,43.02663746,12.52710554,4.29,15.33,306.2,251.94,"2026-04-20T13:12:32.651Z",GSM,false,"2026-04-20T13:10:55.656Z","Xiaomi Redmi Note 7",,,-77,,,,,,,,,,,,,,,,9
222,1,25306,652,,,,19,-75,,43.02663746,12.52710554,4.29,15.33,306.2,251.94,"2026-04-20T13:12:32.651Z",GSM,true,"2026-04-20T13:10:55.656Z","Xiaomi Redmi Note 7",,,-75,,,,,,,,,,,,,,,,1010
222,1,25306,35607,,,,20,-73,,43.02663746,12.52710554,4.29,15.33,306.2,251.94,"2026-04-20T13:12:32.651Z",GSM,true,"2026-04-20T13:12:02.657Z","Xiaomi Redmi Note 7",,,-73,,,,,,,,,,,,,,,,1002
222,1,25305,208,,,,21,-71,,43.02663746,12.52710554,4.29,15.33,306.2,251.94,"2026-04-20T13:12:32.651Z",GSM,true,"2026-04-20T13:12:02.657Z","Xiaomi Redmi Note 7",,,-71,,,,,,,,,,,,,,,,1009
222,1,25306,2283,,,,20,-73,,43.02663746,12.52710554,4.29,15.33,306.2,251.94,"2026-04-20T13:12:32.651Z",GSM,true,"2026-04-20T13:10:55.656Z","Xiaomi Redmi Note 7",,,-73,,,,,,,,,,,,,,,,1011
222,1,25306,35362,,,,20,-73,,43.02663746,12.52710554,4.29,15.33,306.2,251.94,"2026-04-20T13:12:32.651Z",GSM,true,"2026-04-20T13:10:55.656Z","Xiaomi Redmi Note 7",,,-73,,,,,,,,,,,,,,,,2
222,1,25306,36650,,,,22,-69,,43.02663746,12.52710554,4.29,15.33,306.2,251.94,"2026-04-20T13:12:32.651Z",GSM,true,"2026-04-20T13:12:02.657Z","Xiaomi Redmi Note 7",,,-69,,,,,,,,,,,,,,,,1023
222,1,25306,35657,,,,18,-77,5,43.02689402,12.52662858,3.22,16.24,305.7,251.84,"2026-04-20T13:12:35.694Z",GSM,false,"2026-04-20T13:10:55.656Z","Xiaomi Redmi Note 7",,,-77,,,,,,,,,,,,,,,,9
222,1,25306,652,,,,19,-75,,43.02689402,12.52662858,3.22,16.24,305.7,251.84,"2026-04-20T13:12:35.694Z",GSM,true,"2026-04-20T13:10:55.656Z","Xiaomi Redmi Note 7",,,-75,,,,,,,,,,,,,,,,1010
222,1,25306,35607,,,,20,-73,,43.02689402,12.52662858,3.22,16.24,305.7,251.84,"2026-04-20T13:12:35.694Z",GSM,true,"2026-04-20T13:12:02.657Z","Xiaomi Redmi Note 7",,,-73,,,,,,,,,,,,,,,,1002
222,1,25305,208,,,,21,-71,,43.02689402,12.52662858,3.22,16.24,305.7,251.84,"2026-04-20T13:12:35.694Z",GSM,true,"2026-04-20T13:12:02.657Z","Xiaomi Redmi Note 7",,,-71,,,,,,,,,,,,,,,,1009
222,1,25306,2283,,,,20,-73,,43.02689402,12.52662858,3.22,16.24,305.7,251.84,"2026-04-20T13:12:35.694Z",GSM,true,"2026-04-20T13:10:55.656Z","Xiaomi Redmi Note 7",,,-73,,,,,,,,,,,,,,,,1011
222,1,25306,35362,,,,20,-73,,43.02689402,12.52662858,3.22,16.24,305.7,251.84,"2026-04-20T13:12:35.694Z",GSM,true,"2026-04-20T13:10:55.656Z","Xiaomi Redmi Note 7",,,-73,,,,,,,,,,,,,,,,2
222,1,25306,36650,,,,22,-69,,43.02689402,12.52662858,3.22,16.24,305.7,251.84,"2026-04-20T13:12:35.694Z",GSM,true,"2026-04-20T13:12:02.657Z","Xiaomi Redmi Note 7",,,-69,,,,,,,,,,,,,,,,1023
222,1,25306,35657,,,,18,-77,0,43.02714126,12.52613813,3.22,15.99,301.3,253.28,"2026-04-20T13:12:38.647Z",GSM,false,"2026-04-20T13:10:55.656Z","Xiaomi Redmi Note 7",,,-77,,,,,,,,,,,,,,,,9
222,1,25306,35607,,,,21,-71,,43.02714126,12.52613813,3.22,15.99,301.3,253.28,"2026-04-20T13:12:38.647Z",GSM,true,"2026-04-20T13:12:02.657Z","Xiaomi Redmi Note 7",,,-71,,,,,,,,,,,,,,,,1002
222,1,25305,208,,,,21,-71,,43.02714126,12.52613813,3.22,15.99,301.3,253.28,"2026-04-20T13:12:38.647Z",GSM,true,"2026-04-20T13:12:02.657Z","Xiaomi Redmi Note 7",,,-71,,,,,,,,,,,,,,,,1009
222,1,25306,35362,,,,20,-73,,43.02714126,12.52613813,3.22,15.99,301.3,253.28,"2026-04-20T13:12:38.647Z",GSM,true,"2026-04-20T13:10:55.656Z","Xiaomi Redmi Note 7",,,-73,,,,,,,,,,,,,,,,2
222,1,25306,36650,,,,24,-65,,43.02714126,12.52613813,3.22,15.99,301.3,253.28,"2026-04-20T13:12:38.647Z",GSM,true,"2026-04-20T13:12:02.657Z","Xiaomi Redmi Note 7",,,-65,,,,,,,,,,,,,,,,1023
222,1,25306,175,,,,20,-73,,43.02714126,12.52613813,3.22,15.99,301.3,253.28,"2026-04-20T13:12:38.647Z",GSM,true,"2026-04-20T13:10:55.656Z","Xiaomi Redmi Note 7",,,-73,,,,,,,,,,,,,,,,1022
222,1,25306,20687,,,,19,-75,,43.02714126,12.52613813,3.22,15.99,301.3,253.28,"2026-04-20T13:12:38.647Z",GSM,true,"2026-04-20T13:12:38.647Z","Xiaomi Redmi Note 7",,,-75,,,,,,,,,,,,,,,,24
222,1,25306,35657,,,,18,-77,0,43.02703371,12.52555651,3.22,11.11,240.7,253.12,"2026-04-20T13:12:43.655Z",GSM,false,"2026-04-20T13:10:55.656Z","Xiaomi Redmi Note 7",,,-77,,,,,,,,,,,,,,,,9
222,1,25306,35607,,,,21,-71,,43.02703371,12.52555651,3.22,11.11,240.7,253.12,"2026-04-20T13:12:43.655Z",GSM,true,"2026-04-20T13:12:02.657Z","Xiaomi Redmi Note 7",,,-71,,,,,,,,,,,,,,,,1002
222,1,25305,208,,,,21,-71,,43.02703371,12.52555651,3.22,11.11,240.7,253.12,"2026-04-20T13:12:43.655Z",GSM,true,"2026-04-20T13:12:02.657Z","Xiaomi Redmi Note 7",,,-71,,,,,,,,,,,,,,,,1009
222,1,25306,35362,,,,20,-73,,43.02703371,12.52555651,3.22,11.11,240.7,253.12,"2026-04-20T13:12:43.655Z",GSM,true,"2026-04-20T13:10:55.656Z","Xiaomi Redmi Note 7",,,-73,,,,,,,,,,,,,,,,2
222,1,25306,36650,,,,24,-65,,43.02703371,12.52555651,3.22,11.11,240.7,253.12,"2026-04-20T13:12:43.655Z",GSM,true,"2026-04-20T13:12:02.657Z","Xiaomi Redmi Note 7",,,-65,,,,,,,,,,,,,,,,1023
222,1,25306,175,,,,20,-73,,43.02703371,12.52555651,3.22,11.11,240.7,253.12,"2026-04-20T13:12:43.655Z",GSM,true,"2026-04-20T13:10:55.656Z","Xiaomi Redmi Note 7",,,-73,,,,,,,,,,,,,,,,1022
222,1,25306,20687,,,,19,-75,,43.02703371,12.52555651,3.22,11.11,240.7,253.12,"2026-04-20T13:12:43.655Z",GSM,true,"2026-04-20T13:12:38.647Z","Xiaomi Redmi Note 7",,,-75,,,,,,,,,,,,,,,,24
222,1,25306,35657,,,,18,-77,0,43.02663561,12.52516032,3.22,14.24,229.4,252.99,"2026-04-20T13:12:47.699Z",GSM,false,"2026-04-20T13:10:55.656Z","Xiaomi Redmi Note 7",,,-77,,,,,,,,,,,,,,,,9
222,1,25306,35607,,,,21,-71,,43.02663561,12.52516032,3.22,14.24,229.4,252.99,"2026-04-20T13:12:47.699Z",GSM,true,"2026-04-20T13:12:02.657Z","Xiaomi Redmi Note 7",,,-71,,,,,,,,,,,,,,,,1002
222,1,25305,208,,,,21,-71,,43.02663561,12.52516032,3.22,14.24,229.4,252.99,"2026-04-20T13:12:47.699Z",GSM,true,"2026-04-20T13:12:02.657Z","Xiaomi Redmi Note 7",,,-71,,,,,,,,,,,,,,,,1009
222,1,25306,35362,,,,20,-73,,43.02663561,12.52516032,3.22,14.24,229.4,252.99,"2026-04-20T13:12:47.699Z",GSM,true,"2026-04-20T13:10:55.656Z","Xiaomi Redmi Note 7",,,-73,,,,,,,,,,,,,,,,2
222,1,25306,36650,,,,24,-65,,43.02663561,12.52516032,3.22,14.24,229.4,252.99,"2026-04-20T13:12:47.699Z",GSM,true,"2026-04-20T13:12:02.657Z","Xiaomi Redmi Note 7",,,-65,,,,,,,,,,,,,,,,1023
222,1,25306,175,,,,20,-73,,43.02663561,12.52516032,3.22,14.24,229.4,252.99,"2026-04-20T13:12:47.699Z",GSM,true,"2026-04-20T13:10:55.656Z","Xiaomi Redmi Note 7",,,-73,,,,,,,,,,,,,,,,1022
222,1,25306,20687,,,,19,-75,,43.02663561,12.52516032,3.22,14.24,229.4,252.99,"2026-04-20T13:12:47.699Z",GSM,true,"2026-04-20T13:12:38.647Z","Xiaomi Redmi Note 7",,,-75,,,,,,,,,,,,,,,,24
222,1,25306,35657,,,,18,-77,0,43.02620480,12.52473180,3.22,14.76,221.6,253.98,"2026-04-20T13:12:51.646Z",GSM,false,"2026-04-20T13:10:55.656Z","Xiaomi Redmi Note 7",,,-77,,,,,,,,,,,,,,,,9
222,1,25306,35607,,,,21,-71,,43.02620480,12.52473180,3.22,14.76,221.6,253.98,"2026-04-20T13:12:51.646Z",GSM,true,"2026-04-20T13:12:02.657Z","Xiaomi Redmi Note 7",,,-71,,,,,,,,,,,,,,,,1002
222,1,25305,208,,,,21,-71,,43.02620480,12.52473180,3.22,14.76,221.6,253.98,"2026-04-20T13:12:51.646Z",GSM,true,"2026-04-20T13:12:02.657Z","Xiaomi Redmi Note 7",,,-71,,,,,,,,,,,,,,,,1009
222,1,25306,35362,,,,20,-73,,43.02620480,12.52473180,3.22,14.76,221.6,253.98,"2026-04-20T13:12:51.646Z",GSM,true,"2026-04-20T13:10:55.656Z","Xiaomi Redmi Note 7",,,-73,,,,,,,,,,,,,,,,2
222,1,25306,36650,,,,24,-65,,43.02620480,12.52473180,3.22,14.76,221.6,253.98,"2026-04-20T13:12:51.646Z",GSM,true,"2026-04-20T13:12:02.657Z","Xiaomi Redmi Note 7",,,-65,,,,,,,,,,,,,,,,1023
222,1,25306,175,,,,20,-73,,43.02620480,12.52473180,3.22,14.76,221.6,253.98,"2026-04-20T13:12:51.646Z",GSM,true,"2026-04-20T13:10:55.656Z","Xiaomi Redmi Note 7",,,-73,,,,,,,,,,,,,,,,1022
222,1,25306,20687,,,,19,-75,,43.02620480,12.52473180,3.22,14.76,221.6,253.98,"2026-04-20T13:12:51.646Z",GSM,true,"2026-04-20T13:12:38.647Z","Xiaomi Redmi Note 7",,,-75,,,,,,,,,,,,,,,,24
222,1,25306,35657,,,,18,-77,0,43.02576075,12.52428758,3.22,15.67,217.9,254,"2026-04-20T13:12:55.645Z",GSM,false,"2026-04-20T13:10:55.656Z","Xiaomi Redmi Note 7",,,-77,,,,,,,,,,,,,,,,9
222,1,25306,35607,,,,21,-71,,43.02576075,12.52428758,3.22,15.67,217.9,254,"2026-04-20T13:12:55.645Z",GSM,true,"2026-04-20T13:12:02.657Z","Xiaomi Redmi Note 7",,,-71,,,,,,,,,,,,,,,,1002
222,1,25305,208,,,,21,-71,,43.02576075,12.52428758,3.22,15.67,217.9,254,"2026-04-20T13:12:55.645Z",GSM,true,"2026-04-20T13:12:02.657Z","Xiaomi Redmi Note 7",,,-71,,,,,,,,,,,,,,,,1009
222,1,25306,35362,,,,20,-73,,43.02576075,12.52428758,3.22,15.67,217.9,254,"2026-04-20T13:12:55.645Z",GSM,true,"2026-04-20T13:10:55.656Z","Xiaomi Redmi Note 7",,,-73,,,,,,,,,,,,,,,,2
222,1,25306,36650,,,,24,-65,,43.02576075,12.52428758,3.22,15.67,217.9,254,"2026-04-20T13:12:55.645Z",GSM,true,"2026-04-20T13:12:02.657Z","Xiaomi Redmi Note 7",,,-65,,,,,,,,,,,,,,,,1023
222,1,25306,175,,,,20,-73,,43.02576075,12.52428758,3.22,15.67,217.9,254,"2026-04-20T13:12:55.645Z",GSM,true,"2026-04-20T13:10:55.656Z","Xiaomi Redmi Note 7",,,-73,,,,,,,,,,,,,,,,1022
222,1,25306,20687,,,,19,-75,,43.02576075,12.52428758,3.22,15.67,217.9,254,"2026-04-20T13:12:55.645Z",GSM,true,"2026-04-20T13:12:38.647Z","Xiaomi Redmi Note 7",,,-75,,,,,,,,,,,,,,,,24
222,1,25306,35657,,,,18,-77,0,43.02532230,12.52407890,3.22,10.09,127.6,251.96,"2026-04-20T13:12:59.698Z",GSM,false,"2026-04-20T13:10:55.656Z","Xiaomi Redmi Note 7",,,-77,,,,,,,,,,,,,,,,9
222,1,25306,35607,,,,20,-73,,43.02532230,12.52407890,3.22,10.09,127.6,251.96,"2026-04-20T13:12:59.698Z",GSM,true,"2026-04-20T13:12:02.657Z","Xiaomi Redmi Note 7",,,-73,,,,,,,,,,,,,,,,1002
222,1,25305,208,,,,19,-75,,43.02532230,12.52407890,3.22,10.09,127.6,251.96,"2026-04-20T13:12:59.698Z",GSM,true,"2026-04-20T13:12:02.657Z","Xiaomi Redmi Note 7",,,-75,,,,,,,,,,,,,,,,1009
222,1,25306,36650,,,,19,-75,,43.02532230,12.52407890,3.22,10.09,127.6,251.96,"2026-04-20T13:12:59.698Z",GSM,true,"2026-04-20T13:12:02.657Z","Xiaomi Redmi Note 7",,,-75,,,,,,,,,,,,,,,,1023
222,1,25306,175,,,,19,-75,,43.02532230,12.52407890,3.22,10.09,127.6,251.96,"2026-04-20T13:12:59.698Z",GSM,true,"2026-04-20T13:10:55.656Z","Xiaomi Redmi Note 7",,,-75,,,,,,,,,,,,,,,,1022
222,1,25306,652,,,,19,-75,,43.02532230,12.52407890,3.22,10.09,127.6,251.96,"2026-04-20T13:12:59.698Z",GSM,true,"2026-04-20T13:10:55.656Z","Xiaomi Redmi Note 7",,,-75,,,,,,,,,,,,,,,,1010
222,1,25306,35657,,,,18,-77,0,43.02521853,12.52472100,3.22,12.99,109.8,255.36,"2026-04-20T13:13:04.650Z",GSM,false,"2026-04-20T13:10:55.656Z","Xiaomi Redmi Note 7",,,-77,,,,,,,,,,,,,,,,9
222,1,25306,35607,,,,20,-73,,43.02521853,12.52472100,3.22,12.99,109.8,255.36,"2026-04-20T13:13:04.650Z",GSM,true,"2026-04-20T13:12:02.657Z","Xiaomi Redmi Note 7",,,-73,,,,,,,,,,,,,,,,1002
222,1,25305,208,,,,19,-75,,43.02521853,12.52472100,3.22,12.99,109.8,255.36,"2026-04-20T13:13:04.650Z",GSM,true,"2026-04-20T13:12:02.657Z","Xiaomi Redmi Note 7",,,-75,,,,,,,,,,,,,,,,1009
222,1,25306,36650,,,,19,-75,,43.02521853,12.52472100,3.22,12.99,109.8,255.36,"2026-04-20T13:13:04.650Z",GSM,true,"2026-04-20T13:12:02.657Z","Xiaomi Redmi Note 7",,,-75,,,,,,,,,,,,,,,,1023
222,1,25306,175,,,,19,-75,,43.02521853,12.52472100,3.22,12.99,109.8,255.36,"2026-04-20T13:13:04.650Z",GSM,true,"2026-04-20T13:10:55.656Z","Xiaomi Redmi Note 7",,,-75,,,,,,,,,,,,,,,,1022
222,1,25306,652,,,,19,-75,,43.02521853,12.52472100,3.22,12.99,109.8,255.36,"2026-04-20T13:13:04.650Z",GSM,true,"2026-04-20T13:10:55.656Z","Xiaomi Redmi Note 7",,,-75,,,,,,,,,,,,,,,,1010
222,1,25306,35657,,,,18,-77,0,43.02501694,12.52530192,3.22,14.12,117.2,253.12,"2026-04-20T13:13:08.646Z",GSM,false,"2026-04-20T13:10:55.656Z","Xiaomi Redmi Note 7",,,-77,,,,,,,,,,,,,,,,9
222,1,25306,35607,,,,20,-73,,43.02501694,12.52530192,3.22,14.12,117.2,253.12,"2026-04-20T13:13:08.646Z",GSM,true,"2026-04-20T13:12:02.657Z","Xiaomi Redmi Note 7",,,-73,,,,,,,,,,,,,,,,1002
222,1,25305,208,,,,19,-75,,43.02501694,12.52530192,3.22,14.12,117.2,253.12,"2026-04-20T13:13:08.646Z",GSM,true,"2026-04-20T13:12:02.657Z","Xiaomi Redmi Note 7",,,-75,,,,,,,,,,,,,,,,1009
222,1,25306,36650,,,,19,-75,,43.02501694,12.52530192,3.22,14.12,117.2,253.12,"2026-04-20T13:13:08.646Z",GSM,true,"2026-04-20T13:12:02.657Z","Xiaomi Redmi Note 7",,,-75,,,,,,,,,,,,,,,,1023
222,1,25306,175,,,,19,-75,,43.02501694,12.52530192,3.22,14.12,117.2,253.12,"2026-04-20T13:13:08.646Z",GSM,true,"2026-04-20T13:10:55.656Z","Xiaomi Redmi Note 7",,,-75,,,,,,,,,,,,,,,,1022
222,1,25306,652,,,,19,-75,,43.02501694,12.52530192,3.22,14.12,117.2,253.12,"2026-04-20T13:13:08.646Z",GSM,true,"2026-04-20T13:10:55.656Z","Xiaomi Redmi Note 7",,,-75,,,,,,,,,,,,,,,,1010
222,1,25306,35657,,,,18,-77,0,43.02475902,12.52595409,3.22,15.32,117.8,253.58,"2026-04-20T13:13:12.642Z",GSM,false,"2026-04-20T13:10:55.656Z","Xiaomi Redmi Note 7",,,-77,,,,,,,,,,,,,,,,9
222,1,25306,35607,,,,20,-73,,43.02475902,12.52595409,3.22,15.32,117.8,253.58,"2026-04-20T13:13:12.642Z",GSM,true,"2026-04-20T13:12:02.657Z","Xiaomi Redmi Note 7",,,-73,,,,,,,,,,,,,,,,1002
222,1,25305,208,,,,19,-75,,43.02475902,12.52595409,3.22,15.32,117.8,253.58,"2026-04-20T13:13:12.642Z",GSM,true,"2026-04-20T13:12:02.657Z","Xiaomi Redmi Note 7",,,-75,,,,,,,,,,,,,,,,1009
222,1,25306,36650,,,,19,-75,,43.02475902,12.52595409,3.22,15.32,117.8,253.58,"2026-04-20T13:13:12.642Z",GSM,true,"2026-04-20T13:12:02.657Z","Xiaomi Redmi Note 7",,,-75,,,,,,,,,,,,,,,,1023
222,1,25306,175,,,,19,-75,,43.02475902,12.52595409,3.22,15.32,117.8,253.58,"2026-04-20T13:13:12.642Z",GSM,true,"2026-04-20T13:10:55.656Z","Xiaomi Redmi Note 7",,,-75,,,,,,,,,,,,,,,,1022
222,1,25306,652,,,,19,-75,,43.02475902,12.52595409,3.22,15.32,117.8,253.58,"2026-04-20T13:13:12.642Z",GSM,true,"2026-04-20T13:10:55.656Z","Xiaomi Redmi Note 7",,,-75,,,,,,,,,,,,,,,,1010
222,1,25306,35657,,,,18,-77,0,43.02457497,12.52646798,3.22,15.54,116.1,249.98,"2026-04-20T13:13:15.641Z",GSM,false,"2026-04-20T13:10:55.656Z","Xiaomi Redmi Note 7",,,-77,,,,,,,,,,,,,,,,9
222,1,25306,35607,,,,20,-73,,43.02457497,12.52646798,3.22,15.54,116.1,249.98,"2026-04-20T13:13:15.641Z",GSM,true,"2026-04-20T13:12:02.657Z","Xiaomi Redmi Note 7",,,-73,,,,,,,,,,,,,,,,1002
222,1,25305,208,,,,19,-75,,43.02457497,12.52646798,3.22,15.54,116.1,249.98,"2026-04-20T13:13:15.641Z",GSM,true,"2026-04-20T13:12:02.657Z","Xiaomi Redmi Note 7",,,-75,,,,,,,,,,,,,,,,1009
222,1,25306,36650,,,,19,-75,,43.02457497,12.52646798,3.22,15.54,116.1,249.98,"2026-04-20T13:13:15.641Z",GSM,true,"2026-04-20T13:12:02.657Z","Xiaomi Redmi Note 7",,,-75,,,,,,,,,,,,,,,,1023
222,1,25306,175,,,,19,-75,,43.02457497,12.52646798,3.22,15.54,116.1,249.98,"2026-04-20T13:13:15.641Z",GSM,true,"2026-04-20T13:10:55.656Z","Xiaomi Redmi Note 7",,,-75,,,,,,,,,,,,,,,,1022
222,1,25306,652,,,,19,-75,,43.02457497,12.52646798,3.22,15.54,116.1,249.98,"2026-04-20T13:13:15.641Z",GSM,true,"2026-04-20T13:10:55.656Z","Xiaomi Redmi Note 7",,,-75,,,,,,,,,,,,,,,,1010
222,1,25306,35657,,,,18,-77,0,43.02434326,12.52698878,3.22,16.29,118.2,250.53,"2026-04-20T13:13:18.645Z",GSM,false,"2026-04-20T13:10:55.656Z","Xiaomi Redmi Note 7",,,-77,,,,,,,,,,,,,,,,9
222,1,25306,35607,,,,23,-67,,43.02434326,12.52698878,3.22,16.29,118.2,250.53,"2026-04-20T13:13:18.645Z",GSM,true,"2026-04-20T13:12:02.657Z","Xiaomi Redmi Note 7",,,-67,,,,,,,,,,,,,,,,1002
222,1,25306,36650,,,,22,-69,,43.02434326,12.52698878,3.22,16.29,118.2,250.53,"2026-04-20T13:13:18.645Z",GSM,true,"2026-04-20T13:12:02.657Z","Xiaomi Redmi Note 7",,,-69,,,,,,,,,,,,,,,,1023
222,1,25306,652,,,,21,-71,,43.02434326,12.52698878,3.22,16.29,118.2,250.53,"2026-04-20T13:13:18.645Z",GSM,true,"2026-04-20T13:10:55.656Z","Xiaomi Redmi Note 7",,,-71,,,,,,,,,,,,,,,,1010
222,1,25306,20363,,,,19,-75,,43.02434326,12.52698878,3.22,16.29,118.2,250.53,"2026-04-20T13:13:18.645Z",GSM,true,"2026-04-20T13:13:18.645Z","Xiaomi Redmi Note 7",,,-75,,,,,,,,,,,,,,,,1005
222,1,25306,35362,,,,18,-77,,43.02434326,12.52698878,3.22,16.29,118.2,250.53,"2026-04-20T13:13:18.645Z",GSM,true,"2026-04-20T13:10:55.656Z","Xiaomi Redmi Note 7",,,-77,,,,,,,,,,,,,,,,2
222,1,25306,175,,,,18,-77,,43.02434326,12.52698878,3.22,16.29,118.2,250.53,"2026-04-20T13:13:18.645Z",GSM,true,"2026-04-20T13:10:55.656Z","Xiaomi Redmi Note 7",,,-77,,,,,,,,,,,,,,,,1022
222,1,25306,35657,,,,18,-77,0,43.02411066,12.52748080,4.29,14.74,122,245.44,"2026-04-20T13:13:21.651Z",GSM,false,"2026-04-20T13:10:55.656Z","Xiaomi Redmi Note 7",,,-77,,,,,,,,,,,,,,,,9
222,1,25306,35607,,,,23,-67,,43.02411066,12.52748080,4.29,14.74,122,245.44,"2026-04-20T13:13:21.651Z",GSM,true,"2026-04-20T13:12:02.657Z","Xiaomi Redmi Note 7",,,-67,,,,,,,,,,,,,,,,1002
222,1,25306,36650,,,,22,-69,,43.02411066,12.52748080,4.29,14.74,122,245.44,"2026-04-20T13:13:21.651Z",GSM,true,"2026-04-20T13:12:02.657Z","Xiaomi Redmi Note 7",,,-69,,,,,,,,,,,,,,,,1023
222,1,25306,652,,,,21,-71,,43.02411066,12.52748080,4.29,14.74,122,245.44,"2026-04-20T13:13:21.651Z",GSM,true,"2026-04-20T13:10:55.656Z","Xiaomi Redmi Note 7",,,-71,,,,,,,,,,,,,,,,1010
222,1,25306,20363,,,,19,-75,,43.02411066,12.52748080,4.29,14.74,122,245.44,"2026-04-20T13:13:21.651Z",GSM,true,"2026-04-20T13:13:18.645Z","Xiaomi Redmi Note 7",,,-75,,,,,,,,,,,,,,,,1005
222,1,25306,35362,,,,18,-77,,43.02411066,12.52748080,4.29,14.74,122,245.44,"2026-04-20T13:13:21.651Z",GSM,true,"2026-04-20T13:10:55.656Z","Xiaomi Redmi Note 7",,,-77,,,,,,,,,,,,,,,,2
222,1,25306,175,,,,18,-77,,43.02411066,12.52748080,4.29,14.74,122,245.44,"2026-04-20T13:13:21.651Z",GSM,true,"2026-04-20T13:10:55.656Z","Xiaomi Redmi Note 7",,,-77,,,,,,,,,,,,,,,,1022
222,1,25306,35657,,,,18,-77,0,43.02375159,12.52780289,4.29,11.71,159.6,246.91,"2026-04-20T13:13:25.642Z",GSM,false,"2026-04-20T13:10:55.656Z","Xiaomi Redmi Note 7",,,-77,,,,,,,,,,,,,,,,9
222,1,25306,35607,,,,23,-67,,43.02375159,12.52780289,4.29,11.71,159.6,246.91,"2026-04-20T13:13:25.642Z",GSM,true,"2026-04-20T13:12:02.657Z","Xiaomi Redmi Note 7",,,-67,,,,,,,,,,,,,,,,1002
222,1,25306,36650,,,,22,-69,,43.02375159,12.52780289,4.29,11.71,159.6,246.91,"2026-04-20T13:13:25.642Z",GSM,true,"2026-04-20T13:12:02.657Z","Xiaomi Redmi Note 7",,,-69,,,,,,,,,,,,,,,,1023
222,1,25306,652,,,,21,-71,,43.02375159,12.52780289,4.29,11.71,159.6,246.91,"2026-04-20T13:13:25.642Z",GSM,true,"2026-04-20T13:10:55.656Z","Xiaomi Redmi Note 7",,,-71,,,,,,,,,,,,,,,,1010
222,1,25306,20363,,,,19,-75,,43.02375159,12.52780289,4.29,11.71,159.6,246.91,"2026-04-20T13:13:25.642Z",GSM,true,"2026-04-20T13:13:18.645Z","Xiaomi Redmi Note 7",,,-75,,,,,,,,,,,,,,,,1005
222,1,25306,35362,,,,18,-77,,43.02375159,12.52780289,4.29,11.71,159.6,246.91,"2026-04-20T13:13:25.642Z",GSM,true,"2026-04-20T13:10:55.656Z","Xiaomi Redmi Note 7",,,-77,,,,,,,,,,,,,,,,2
222,1,25306,175,,,,18,-77,,43.02375159,12.52780289,4.29,11.71,159.6,246.91,"2026-04-20T13:13:25.642Z",GSM,true,"2026-04-20T13:10:55.656Z","Xiaomi Redmi Note 7",,,-77,,,,,,,,,,,,,,,,1022
222,1,25306,35657,,,,18,-77,0,43.02333326,12.52797157,4.29,12.07,163.3,245.68,"2026-04-20T13:13:29.691Z",GSM,false,"2026-04-20T13:10:55.656Z","Xiaomi Redmi Note 7",,,-77,,,,,,,,,,,,,,,,9
222,1,25306,35607,,,,23,-67,,43.02333326,12.52797157,4.29,12.07,163.3,245.68,"2026-04-20T13:13:29.691Z",GSM,true,"2026-04-20T13:12:02.657Z","Xiaomi Redmi Note 7",,,-67,,,,,,,,,,,,,,,,1002
222,1,25306,36650,,,,22,-69,,43.02333326,12.52797157,4.29,12.07,163.3,245.68,"2026-04-20T13:13:29.691Z",GSM,true,"2026-04-20T13:12:02.657Z","Xiaomi Redmi Note 7",,,-69,,,,,,,,,,,,,,,,1023
222,1,25306,652,,,,21,-71,,43.02333326,12.52797157,4.29,12.07,163.3,245.68,"2026-04-20T13:13:29.691Z",GSM,true,"2026-04-20T13:10:55.656Z","Xiaomi Redmi Note 7",,,-71,,,,,,,,,,,,,,,,1010
222,1,25306,20363,,,,19,-75,,43.02333326,12.52797157,4.29,12.07,163.3,245.68,"2026-04-20T13:13:29.691Z",GSM,true,"2026-04-20T13:13:18.645Z","Xiaomi Redmi Note 7",,,-75,,,,,,,,,,,,,,,,1005
222,1,25306,35362,,,,18,-77,,43.02333326,12.52797157,4.29,12.07,163.3,245.68,"2026-04-20T13:13:29.691Z",GSM,true,"2026-04-20T13:10:55.656Z","Xiaomi Redmi Note 7",,,-77,,,,,,,,,,,,,,,,2
222,1,25306,175,,,,18,-77,,43.02333326,12.52797157,4.29,12.07,163.3,245.68,"2026-04-20T13:13:29.691Z",GSM,true,"2026-04-20T13:10:55.656Z","Xiaomi Redmi Note 7",,,-77,,,,,,,,,,,,,,,,1022
222,1,25306,35657,,,,18,-77,0,43.02288484,12.52829378,4.29,11.26,137.2,245.37,"2026-04-20T13:13:34.696Z",GSM,false,"2026-04-20T13:10:55.656Z","Xiaomi Redmi Note 7",,,-77,,,,,,,,,,,,,,,,9
222,1,25306,35607,,,,23,-67,,43.02288484,12.52829378,4.29,11.26,137.2,245.37,"2026-04-20T13:13:34.696Z",GSM,true,"2026-04-20T13:12:02.657Z","Xiaomi Redmi Note 7",,,-67,,,,,,,,,,,,,,,,1002
222,1,25306,36650,,,,22,-69,,43.02288484,12.52829378,4.29,11.26,137.2,245.37,"2026-04-20T13:13:34.696Z",GSM,true,"2026-04-20T13:12:02.657Z","Xiaomi Redmi Note 7",,,-69,,,,,,,,,,,,,,,,1023
222,1,25306,652,,,,21,-71,,43.02288484,12.52829378,4.29,11.26,137.2,245.37,"2026-04-20T13:13:34.696Z",GSM,true,"2026-04-20T13:10:55.656Z","Xiaomi Redmi Note 7",,,-71,,,,,,,,,,,,,,,,1010
222,1,25306,20363,,,,19,-75,,43.02288484,12.52829378,4.29,11.26,137.2,245.37,"2026-04-20T13:13:34.696Z",GSM,true,"2026-04-20T13:13:18.645Z","Xiaomi Redmi Note 7",,,-75,,,,,,,,,,,,,,,,1005
222,1,25306,35362,,,,18,-77,,43.02288484,12.52829378,4.29,11.26,137.2,245.37,"2026-04-20T13:13:34.696Z",GSM,true,"2026-04-20T13:10:55.656Z","Xiaomi Redmi Note 7",,,-77,,,,,,,,,,,,,,,,2
222,1,25306,175,,,,18,-77,,43.02288484,12.52829378,4.29,11.26,137.2,245.37,"2026-04-20T13:13:34.696Z",GSM,true,"2026-04-20T13:10:55.656Z","Xiaomi Redmi Note 7",,,-77,,,,,,,,,,,,,,,,1022
222,1,25306,35657,,,,18,-77,4,43.02294260,12.52891055,5.36,9.3,75,242.35,"2026-04-20T13:13:40.653Z",GSM,false,"2026-04-20T13:10:55.656Z","Xiaomi Redmi Note 7",,,-77,,,,,,,,,,,,,,,,9
222,1,25306,35607,,,,20,-73,,43.02294260,12.52891055,5.36,9.3,75,242.35,"2026-04-20T13:13:40.653Z",GSM,true,"2026-04-20T13:12:02.657Z","Xiaomi Redmi Note 7",,,-73,,,,,,,,,,,,,,,,1002
222,1,25306,36650,,,,19,-75,,43.02294260,12.52891055,5.36,9.3,75,242.35,"2026-04-20T13:13:40.653Z",GSM,true,"2026-04-20T13:12:02.657Z","Xiaomi Redmi Note 7",,,-75,,,,,,,,,,,,,,,,1023
222,1,25306,652,,,,19,-75,,43.02294260,12.52891055,5.36,9.3,75,242.35,"2026-04-20T13:13:40.653Z",GSM,true,"2026-04-20T13:10:55.656Z","Xiaomi Redmi Note 7",,,-75,,,,,,,,,,,,,,,,1010
222,1,25306,175,,,,20,-73,,43.02294260,12.52891055,5.36,9.3,75,242.35,"2026-04-20T13:13:40.653Z",GSM,true,"2026-04-20T13:10:55.656Z","Xiaomi Redmi Note 7",,,-73,,,,,,,,,,,,,,,,1022
222,1,25305,208,,,,18,-77,,43.02294260,12.52891055,5.36,9.3,75,242.35,"2026-04-20T13:13:40.653Z",GSM,true,"2026-04-20T13:12:02.657Z","Xiaomi Redmi Note 7",,,-77,,,,,,,,,,,,,,,,1009
222,1,25306,36683,,,,18,-77,,43.02294260,12.52891055,5.36,9.3,75,242.35,"2026-04-20T13:13:40.653Z",GSM,true,"2026-04-17T09:53:34.378Z","Xiaomi Redmi Note 7",,,-77,,,,,,,,,,,,,,,,6
222,1,25306,35657,,,,18,-77,4,43.02314985,12.52943268,5.36,12.6,68.4,245.89,"2026-04-20T13:13:44.647Z",GSM,false,"2026-04-20T13:10:55.656Z","Xiaomi Redmi Note 7",,,-77,,,,,,,,,,,,,,,,9
222,1,25306,35607,,,,20,-73,,43.02314985,12.52943268,5.36,12.6,68.4,245.89,"2026-04-20T13:13:44.647Z",GSM,true,"2026-04-20T13:12:02.657Z","Xiaomi Redmi Note 7",,,-73,,,,,,,,,,,,,,,,1002
222,1,25306,36650,,,,19,-75,,43.02314985,12.52943268,5.36,12.6,68.4,245.89,"2026-04-20T13:13:44.647Z",GSM,true,"2026-04-20T13:12:02.657Z","Xiaomi Redmi Note 7",,,-75,,,,,,,,,,,,,,,,1023
222,1,25306,652,,,,19,-75,,43.02314985,12.52943268,5.36,12.6,68.4,245.89,"2026-04-20T13:13:44.647Z",GSM,true,"2026-04-20T13:10:55.656Z","Xiaomi Redmi Note 7",,,-75,,,,,,,,,,,,,,,,1010
222,1,25306,175,,,,20,-73,,43.02314985,12.52943268,5.36,12.6,68.4,245.89,"2026-04-20T13:13:44.647Z",GSM,true,"2026-04-20T13:10:55.656Z","Xiaomi Redmi Note 7",,,-73,,,,,,,,,,,,,,,,1022
222,1,25305,208,,,,18,-77,,43.02314985,12.52943268,5.36,12.6,68.4,245.89,"2026-04-20T13:13:44.647Z",GSM,true,"2026-04-20T13:12:02.657Z","Xiaomi Redmi Note 7",,,-77,,,,,,,,,,,,,,,,1009
222,1,25306,36683,,,,18,-77,,43.02314985,12.52943268,5.36,12.6,68.4,245.89,"2026-04-20T13:13:44.647Z",GSM,true,"2026-04-17T09:53:34.378Z","Xiaomi Redmi Note 7",,,-77,,,,,,,,,,,,,,,,6
222,1,25306,35657,,,,18,-77,5,43.02336706,12.53001366,5.36,13.44,62.5,244.89,"2026-04-20T13:13:48.693Z",GSM,false,"2026-04-20T13:10:55.656Z","Xiaomi Redmi Note 7",,,-77,,,,,,,,,,,,,,,,9
222,1,25306,35607,,,,22,-69,,43.02336706,12.53001366,5.36,13.44,62.5,244.89,"2026-04-20T13:13:48.693Z",GSM,true,"2026-04-20T13:12:02.657Z","Xiaomi Redmi Note 7",,,-69,,,,,,,,,,,,,,,,1002
222,1,25306,36650,,,,21,-71,,43.02336706,12.53001366,5.36,13.44,62.5,244.89,"2026-04-20T13:13:48.693Z",GSM,true,"2026-04-20T13:12:02.657Z","Xiaomi Redmi Note 7",,,-71,,,,,,,,,,,,,,,,1023
222,1,25306,652,,,,20,-73,,43.02336706,12.53001366,5.36,13.44,62.5,244.89,"2026-04-20T13:13:48.693Z",GSM,true,"2026-04-20T13:10:55.656Z","Xiaomi Redmi Note 7",,,-73,,,,,,,,,,,,,,,,1010
222,1,25306,175,,,,19,-75,,43.02336706,12.53001366,5.36,13.44,62.5,244.89,"2026-04-20T13:13:48.693Z",GSM,true,"2026-04-20T13:10:55.656Z","Xiaomi Redmi Note 7",,,-75,,,,,,,,,,,,,,,,1022
222,1,25305,208,,,,19,-75,,43.02336706,12.53001366,5.36,13.44,62.5,244.89,"2026-04-20T13:13:48.693Z",GSM,true,"2026-04-20T13:12:02.657Z","Xiaomi Redmi Note 7",,,-75,,,,,,,,,,,,,,,,1009
222,1,25306,35362,,,,19,-75,,43.02336706,12.53001366,5.36,13.44,62.5,244.89,"2026-04-20T13:13:48.693Z",GSM,true,"2026-04-20T13:10:55.656Z","Xiaomi Redmi Note 7",,,-75,,,,,,,,,,,,,,,,2
222,1,25306,35657,,,,18,-77,5,43.02360928,12.53062611,6.43,14.64,59.6,244.03,"2026-04-20T13:13:52.645Z",GSM,false,"2026-04-20T13:10:55.656Z","Xiaomi Redmi Note 7",,,-77,,,,,,,,,,,,,,,,9
222,1,25306,35607,,,,22,-69,,43.02360928,12.53062611,6.43,14.64,59.6,244.03,"2026-04-20T13:13:52.645Z",GSM,true,"2026-04-20T13:12:02.657Z","Xiaomi Redmi Note 7",,,-69,,,,,,,,,,,,,,,,1002
222,1,25306,36650,,,,21,-71,,43.02360928,12.53062611,6.43,14.64,59.6,244.03,"2026-04-20T13:13:52.645Z",GSM,true,"2026-04-20T13:12:02.657Z","Xiaomi Redmi Note 7",,,-71,,,,,,,,,,,,,,,,1023
222,1,25306,652,,,,20,-73,,43.02360928,12.53062611,6.43,14.64,59.6,244.03,"2026-04-20T13:13:52.645Z",GSM,true,"2026-04-20T13:10:55.656Z","Xiaomi Redmi Note 7",,,-73,,,,,,,,,,,,,,,,1010
222,1,25306,175,,,,19,-75,,43.02360928,12.53062611,6.43,14.64,59.6,244.03,"2026-04-20T13:13:52.645Z",GSM,true,"2026-04-20T13:10:55.656Z","Xiaomi Redmi Note 7",,,-75,,,,,,,,,,,,,,,,1022
222,1,25305,208,,,,19,-75,,43.02360928,12.53062611,6.43,14.64,59.6,244.03,"2026-04-20T13:13:52.645Z",GSM,true,"2026-04-20T13:12:02.657Z","Xiaomi Redmi Note 7",,,-75,,,,,,,,,,,,,,,,1009
222,1,25306,35362,,,,19,-75,,43.02360928,12.53062611,6.43,14.64,59.6,244.03,"2026-04-20T13:13:52.645Z",GSM,true,"2026-04-20T13:10:55.656Z","Xiaomi Redmi Note 7",,,-75,,,,,,,,,,,,,,,,2
222,1,25306,35657,,,,17,-79,5,43.02382966,12.53124064,5.36,13.62,59.4,244.36,"2026-04-20T13:13:56.659Z",GSM,false,"2026-04-20T13:10:55.656Z","Xiaomi Redmi Note 7",,,-79,,,,,,,,,,,,,,,,9
222,1,25306,35607,,,,23,-67,,43.02382966,12.53124064,5.36,13.62,59.4,244.36,"2026-04-20T13:13:56.659Z",GSM,true,"2026-04-20T13:12:02.657Z","Xiaomi Redmi Note 7",,,-67,,,,,,,,,,,,,,,,1002
222,1,25306,36650,,,,23,-67,,43.02382966,12.53124064,5.36,13.62,59.4,244.36,"2026-04-20T13:13:56.659Z",GSM,true,"2026-04-20T13:12:02.657Z","Xiaomi Redmi Note 7",,,-67,,,,,,,,,,,,,,,,1023
222,1,25306,652,,,,21,-71,,43.02382966,12.53124064,5.36,13.62,59.4,244.36,"2026-04-20T13:13:56.659Z",GSM,true,"2026-04-20T13:10:55.656Z","Xiaomi Redmi Note 7",,,-71,,,,,,,,,,,,,,,,1010
222,1,25305,208,,,,19,-75,,43.02382966,12.53124064,5.36,13.62,59.4,244.36,"2026-04-20T13:13:56.659Z",GSM,true,"2026-04-20T13:12:02.657Z","Xiaomi Redmi Note 7",,,-75,,,,,,,,,,,,,,,,1009
222,1,25306,35362,,,,20,-73,,43.02382966,12.53124064,5.36,13.62,59.4,244.36,"2026-04-20T13:13:56.659Z",GSM,true,"2026-04-20T13:10:55.656Z","Xiaomi Redmi Note 7",,,-73,,,,,,,,,,,,,,,,2
222,1,25306,35434,,,,19,-75,,43.02382966,12.53124064,5.36,13.62,59.4,244.36,"2026-04-20T13:13:56.659Z",GSM,true,"2026-04-17T09:53:58.529Z","Xiaomi Redmi Note 7",,,-75,,,,,,,,,,,,,,,,20
222,1,25306,35657,,,,17,-79,5,43.02405612,12.53180916,5.36,13.17,55.9,246.51,"2026-04-20T13:14:00.646Z",GSM,false,"2026-04-20T13:10:55.656Z","Xiaomi Redmi Note 7",,,-79,,,,,,,,,,,,,,,,9
222,1,25306,35607,,,,23,-67,,43.02405612,12.53180916,5.36,13.17,55.9,246.51,"2026-04-20T13:14:00.646Z",GSM,true,"2026-04-20T13:12:02.657Z","Xiaomi Redmi Note 7",,,-67,,,,,,,,,,,,,,,,1002
222,1,25306,36650,,,,23,-67,,43.02405612,12.53180916,5.36,13.17,55.9,246.51,"2026-04-20T13:14:00.646Z",GSM,true,"2026-04-20T13:12:02.657Z","Xiaomi Redmi Note 7",,,-67,,,,,,,,,,,,,,,,1023
222,1,25306,652,,,,21,-71,,43.02405612,12.53180916,5.36,13.17,55.9,246.51,"2026-04-20T13:14:00.646Z",GSM,true,"2026-04-20T13:10:55.656Z","Xiaomi Redmi Note 7",,,-71,,,,,,,,,,,,,,,,1010
222,1,25305,208,,,,19,-75,,43.02405612,12.53180916,5.36,13.17,55.9,246.51,"2026-04-20T13:14:00.646Z",GSM,true,"2026-04-20T13:12:02.657Z","Xiaomi Redmi Note 7",,,-75,,,,,,,,,,,,,,,,1009
222,1,25306,35362,,,,20,-73,,43.02405612,12.53180916,5.36,13.17,55.9,246.51,"2026-04-20T13:14:00.646Z",GSM,true,"2026-04-20T13:10:55.656Z","Xiaomi Redmi Note 7",,,-73,,,,,,,,,,,,,,,,2
222,1,25306,35434,,,,19,-75,,43.02405612,12.53180916,5.36,13.17,55.9,246.51,"2026-04-20T13:14:00.646Z",GSM,true,"2026-04-17T09:53:58.529Z","Xiaomi Redmi Note 7",,,-75,,,,,,,,,,,,,,,,20
222,1,25306,35657,,,,17,-79,5,43.02448857,12.53213904,5.36,11.07,15,254.96,"2026-04-20T13:14:05.685Z",GSM,false,"2026-04-20T13:10:55.656Z","Xiaomi Redmi Note 7",,,-79,,,,,,,,,,,,,,,,9
222,1,25306,35607,,,,23,-67,,43.02448857,12.53213904,5.36,11.07,15,254.96,"2026-04-20T13:14:05.685Z",GSM,true,"2026-04-20T13:12:02.657Z","Xiaomi Redmi Note 7",,,-67,,,,,,,,,,,,,,,,1002
222,1,25306,36650,,,,23,-67,,43.02448857,12.53213904,5.36,11.07,15,254.96,"2026-04-20T13:14:05.685Z",GSM,true,"2026-04-20T13:12:02.657Z","Xiaomi Redmi Note 7",,,-67,,,,,,,,,,,,,,,,1023
222,1,25306,652,,,,21,-71,,43.02448857,12.53213904,5.36,11.07,15,254.96,"2026-04-20T13:14:05.685Z",GSM,true,"2026-04-20T13:10:55.656Z","Xiaomi Redmi Note 7",,,-71,,,,,,,,,,,,,,,,1010
222,1,25305,208,,,,19,-75,,43.02448857,12.53213904,5.36,11.07,15,254.96,"2026-04-20T13:14:05.685Z",GSM,true,"2026-04-20T13:12:02.657Z","Xiaomi Redmi Note 7",,,-75,,,,,,,,,,,,,,,,1009
222,1,25306,35362,,,,20,-73,,43.02448857,12.53213904,5.36,11.07,15,254.96,"2026-04-20T13:14:05.685Z",GSM,true,"2026-04-20T13:10:55.656Z","Xiaomi Redmi Note 7",,,-73,,,,,,,,,,,,,,,,2
222,1,25306,35434,,,,19,-75,,43.02448857,12.53213904,5.36,11.07,15,254.96,"2026-04-20T13:14:05.685Z",GSM,true,"2026-04-17T09:53:58.529Z","Xiaomi Redmi Note 7",,,-75,,,,,,,,,,,,,,,,20
222,1,25306,35657,,,,17,-79,5,43.02495172,12.53223882,5.36,13.89,9.5,254.6,"2026-04-20T13:14:09.654Z",GSM,false,"2026-04-20T13:10:55.656Z","Xiaomi Redmi Note 7",,,-79,,,,,,,,,,,,,,,,9
222,1,25306,35607,,,,23,-67,,43.02495172,12.53223882,5.36,13.89,9.5,254.6,"2026-04-20T13:14:09.654Z",GSM,true,"2026-04-20T13:12:02.657Z","Xiaomi Redmi Note 7",,,-67,,,,,,,,,,,,,,,,1002
222,1,25306,36650,,,,23,-67,,43.02495172,12.53223882,5.36,13.89,9.5,254.6,"2026-04-20T13:14:09.654Z",GSM,true,"2026-04-20T13:12:02.657Z","Xiaomi Redmi Note 7",,,-67,,,,,,,,,,,,,,,,1023
222,1,25306,652,,,,21,-71,,43.02495172,12.53223882,5.36,13.89,9.5,254.6,"2026-04-20T13:14:09.654Z",GSM,true,"2026-04-20T13:10:55.656Z","Xiaomi Redmi Note 7",,,-71,,,,,,,,,,,,,,,,1010
222,1,25305,208,,,,19,-75,,43.02495172,12.53223882,5.36,13.89,9.5,254.6,"2026-04-20T13:14:09.654Z",GSM,true,"2026-04-20T13:12:02.657Z","Xiaomi Redmi Note 7",,,-75,,,,,,,,,,,,,,,,1009
222,1,25306,35362,,,,20,-73,,43.02495172,12.53223882,5.36,13.89,9.5,254.6,"2026-04-20T13:14:09.654Z",GSM,true,"2026-04-20T13:10:55.656Z","Xiaomi Redmi Note 7",,,-73,,,,,,,,,,,,,,,,2
222,1,25306,35434,,,,19,-75,,43.02495172,12.53223882,5.36,13.89,9.5,254.6,"2026-04-20T13:14:09.654Z",GSM,true,"2026-04-17T09:53:58.529Z","Xiaomi Redmi Note 7",,,-75,,,,,,,,,,,,,,,,20
222,1,25306,35657,,,,17,-79,5,43.02548390,12.53233332,4.29,15.14,6.6,256.54,"2026-04-20T13:14:13.648Z",GSM,false,"2026-04-20T13:10:55.656Z","Xiaomi Redmi Note 7",,,-79,,,,,,,,,,,,,,,,9
222,1,25306,35607,,,,23,-67,,43.02548390,12.53233332,4.29,15.14,6.6,256.54,"2026-04-20T13:14:13.648Z",GSM,true,"2026-04-20T13:12:02.657Z","Xiaomi Redmi Note 7",,,-67,,,,,,,,,,,,,,,,1002
222,1,25306,36650,,,,23,-67,,43.02548390,12.53233332,4.29,15.14,6.6,256.54,"2026-04-20T13:14:13.648Z",GSM,true,"2026-04-20T13:12:02.657Z","Xiaomi Redmi Note 7",,,-67,,,,,,,,,,,,,,,,1023
222,1,25306,652,,,,21,-71,,43.02548390,12.53233332,4.29,15.14,6.6,256.54,"2026-04-20T13:14:13.648Z",GSM,true,"2026-04-20T13:10:55.656Z","Xiaomi Redmi Note 7",,,-71,,,,,,,,,,,,,,,,1010
222,1,25305,208,,,,19,-75,,43.02548390,12.53233332,4.29,15.14,6.6,256.54,"2026-04-20T13:14:13.648Z",GSM,true,"2026-04-20T13:12:02.657Z","Xiaomi Redmi Note 7",,,-75,,,,,,,,,,,,,,,,1009
222,1,25306,35362,,,,20,-73,,43.02548390,12.53233332,4.29,15.14,6.6,256.54,"2026-04-20T13:14:13.648Z",GSM,true,"2026-04-20T13:10:55.656Z","Xiaomi Redmi Note 7",,,-73,,,,,,,,,,,,,,,,2
222,1,25306,35434,,,,19,-75,,43.02548390,12.53233332,4.29,15.14,6.6,256.54,"2026-04-20T13:14:13.648Z",GSM,true,"2026-04-17T09:53:58.529Z","Xiaomi Redmi Note 7",,,-75,,,,,,,,,,,,,,,,20
222,1,25306,35607,,,,20,-73,7,43.02590434,12.53238973,3.22,15.3,5.6,256.4,"2026-04-20T13:14:16.649Z",GSM,false,"2026-04-20T13:12:02.657Z","Xiaomi Redmi Note 7",,,-73,,,,,,,,,,,,,,,,1002
222,1,25306,36650,,,,24,-65,,43.02590434,12.53238973,3.22,15.3,5.6,256.4,"2026-04-20T13:14:16.649Z",GSM,true,"2026-04-20T13:12:02.657Z","Xiaomi Redmi Note 7",,,-65,,,,,,,,,,,,,,,,1023
222,1,25305,208,,,,22,-69,,43.02590434,12.53238973,3.22,15.3,5.6,256.4,"2026-04-20T13:14:16.649Z",GSM,true,"2026-04-20T13:12:02.657Z","Xiaomi Redmi Note 7",,,-69,,,,,,,,,,,,,,,,1009
222,1,25306,20362,,,,19,-75,,43.02590434,12.53238973,3.22,15.3,5.6,256.4,"2026-04-20T13:14:16.649Z",GSM,true,"2026-04-20T13:14:16.649Z","Xiaomi Redmi Note 7",,,-75,,,,,,,,,,,,,,,,4
222,1,25306,35607,,,,20,-73,7,43.02640668,12.53226061,5.36,14.05,340.2,255.76,"2026-04-20T13:14:20.638Z",GSM,false,"2026-04-20T13:12:02.657Z","Xiaomi Redmi Note 7",,,-73,,,,,,,,,,,,,,,,1002
222,1,25306,36650,,,,24,-65,,43.02640668,12.53226061,5.36,14.05,340.2,255.76,"2026-04-20T13:14:20.638Z",GSM,true,"2026-04-20T13:12:02.657Z","Xiaomi Redmi Note 7",,,-65,,,,,,,,,,,,,,,,1023
222,1,25305,208,,,,22,-69,,43.02640668,12.53226061,5.36,14.05,340.2,255.76,"2026-04-20T13:14:20.638Z",GSM,true,"2026-04-20T13:12:02.657Z","Xiaomi Redmi Note 7",,,-69,,,,,,,,,,,,,,,,1009
222,1,25306,20362,,,,19,-75,,43.02640668,12.53226061,5.36,14.05,340.2,255.76,"2026-04-20T13:14:20.638Z",GSM,true,"2026-04-20T13:14:16.649Z","Xiaomi Redmi Note 7",,,-75,,,,,,,,,,,,,,,,4
222,1,25306,35607,,,,20,-73,7,43.02681966,12.53191529,5.36,13.52,324.4,255.11,"2026-04-20T13:14:24.649Z",GSM,false,"2026-04-20T13:12:02.657Z","Xiaomi Redmi Note 7",,,-73,,,,,,,,,,,,,,,,1002
222,1,25306,36650,,,,24,-65,,43.02681966,12.53191529,5.36,13.52,324.4,255.11,"2026-04-20T13:14:24.649Z",GSM,true,"2026-04-20T13:12:02.657Z","Xiaomi Redmi Note 7",,,-65,,,,,,,,,,,,,,,,1023
222,1,25305,208,,,,22,-69,,43.02681966,12.53191529,5.36,13.52,324.4,255.11,"2026-04-20T13:14:24.649Z",GSM,true,"2026-04-20T13:12:02.657Z","Xiaomi Redmi Note 7",,,-69,,,,,,,,,,,,,,,,1009
222,1,25306,20362,,,,19,-75,,43.02681966,12.53191529,5.36,13.52,324.4,255.11,"2026-04-20T13:14:24.649Z",GSM,true,"2026-04-20T13:14:16.649Z","Xiaomi Redmi Note 7",,,-75,,,,,,,,,,,,,,,,4
222,1,25306,35607,,,,21,-71,7,43.02725639,12.53160438,5.36,13.29,341.1,255.31,"2026-04-20T13:14:28.649Z",GSM,false,"2026-04-20T13:12:02.657Z","Xiaomi Redmi Note 7",,,-71,,,,,,,,,,,,,,,,1002
222,1,25306,36650,,,,23,-67,,43.02725639,12.53160438,5.36,13.29,341.1,255.31,"2026-04-20T13:14:28.649Z",GSM,true,"2026-04-20T13:12:02.657Z","Xiaomi Redmi Note 7",,,-67,,,,,,,,,,,,,,,,1023
222,1,25306,652,,,,21,-71,,43.02725639,12.53160438,5.36,13.29,341.1,255.31,"2026-04-20T13:14:28.649Z",GSM,true,"2026-04-20T13:10:55.656Z","Xiaomi Redmi Note 7",,,-71,,,,,,,,,,,,,,,,1010
222,1,25305,208,,,,23,-67,,43.02725639,12.53160438,5.36,13.29,341.1,255.31,"2026-04-20T13:14:28.649Z",GSM,true,"2026-04-20T13:12:02.657Z","Xiaomi Redmi Note 7",,,-67,,,,,,,,,,,,,,,,1009
222,1,25306,20362,,,,20,-73,,43.02725639,12.53160438,5.36,13.29,341.1,255.31,"2026-04-20T13:14:28.649Z",GSM,true,"2026-04-20T13:14:16.649Z","Xiaomi Redmi Note 7",,,-73,,,,,,,,,,,,,,,,4
222,1,25306,35607,,,,21,-71,7,43.02772751,12.53149651,4.29,13.94,351.5,254.92,"2026-04-20T13:14:32.653Z",GSM,false,"2026-04-20T13:12:02.657Z","Xiaomi Redmi Note 7",,,-71,,,,,,,,,,,,,,,,1002
222,1,25306,36650,,,,23,-67,,43.02772751,12.53149651,4.29,13.94,351.5,254.92,"2026-04-20T13:14:32.653Z",GSM,true,"2026-04-20T13:12:02.657Z","Xiaomi Redmi Note 7",,,-67,,,,,,,,,,,,,,,,1023
222,1,25306,652,,,,21,-71,,43.02772751,12.53149651,4.29,13.94,351.5,254.92,"2026-04-20T13:14:32.653Z",GSM,true,"2026-04-20T13:10:55.656Z","Xiaomi Redmi Note 7",,,-71,,,,,,,,,,,,,,,,1010
222,1,25305,208,,,,23,-67,,43.02772751,12.53149651,4.29,13.94,351.5,254.92,"2026-04-20T13:14:32.653Z",GSM,true,"2026-04-20T13:12:02.657Z","Xiaomi Redmi Note 7",,,-67,,,,,,,,,,,,,,,,1009
222,1,25306,20362,,,,20,-73,,43.02772751,12.53149651,4.29,13.94,351.5,254.92,"2026-04-20T13:14:32.653Z",GSM,true,"2026-04-20T13:14:16.649Z","Xiaomi Redmi Note 7",,,-73,,,,,,,,,,,,,,,,4
222,1,25306,35607,,,,26,-61,,43.02820933,12.53129609,5.36,12.54,332.5,253.96,"2026-04-20T13:14:36.648Z",GSM,false,"2026-04-20T13:12:02.657Z","Xiaomi Redmi Note 7",,,-61,,,,,,,,,,,,,,,,1002
222,1,25306,36650,,,,24,-65,,43.02820933,12.53129609,5.36,12.54,332.5,253.96,"2026-04-20T13:14:36.648Z",GSM,true,"2026-04-20T13:12:02.657Z","Xiaomi Redmi Note 7",,,-65,,,,,,,,,,,,,,,,1023
222,1,25306,652,,,,21,-71,,43.02820933,12.53129609,5.36,12.54,332.5,253.96,"2026-04-20T13:14:36.648Z",GSM,true,"2026-04-20T13:10:55.656Z","Xiaomi Redmi Note 7",,,-71,,,,,,,,,,,,,,,,1010
222,1,25305,208,,,,24,-65,,43.02820933,12.53129609,5.36,12.54,332.5,253.96,"2026-04-20T13:14:36.648Z",GSM,true,"2026-04-20T13:12:02.657Z","Xiaomi Redmi Note 7",,,-65,,,,,,,,,,,,,,,,1009
222,1,25306,20362,,,,19,-75,,43.02820933,12.53129609,5.36,12.54,332.5,253.96,"2026-04-20T13:14:36.648Z",GSM,true,"2026-04-20T13:14:16.649Z","Xiaomi Redmi Note 7",,,-75,,,,,,,,,,,,,,,,4
222,1,25306,35607,,,,26,-61,,43.02839990,12.53064323,4.29,13.21,283.9,254.4,"2026-04-20T13:14:41.690Z",GSM,false,"2026-04-20T13:12:02.657Z","Xiaomi Redmi Note 7",,,-61,,,,,,,,,,,,,,,,1002
222,1,25306,36650,,,,24,-65,,43.02839990,12.53064323,4.29,13.21,283.9,254.4,"2026-04-20T13:14:41.690Z",GSM,true,"2026-04-20T13:12:02.657Z","Xiaomi Redmi Note 7",,,-65,,,,,,,,,,,,,,,,1023
222,1,25306,652,,,,21,-71,,43.02839990,12.53064323,4.29,13.21,283.9,254.4,"2026-04-20T13:14:41.690Z",GSM,true,"2026-04-20T13:10:55.656Z","Xiaomi Redmi Note 7",,,-71,,,,,,,,,,,,,,,,1010
222,1,25305,208,,,,24,-65,,43.02839990,12.53064323,4.29,13.21,283.9,254.4,"2026-04-20T13:14:41.690Z",GSM,true,"2026-04-20T13:12:02.657Z","Xiaomi Redmi Note 7",,,-65,,,,,,,,,,,,,,,,1009
222,1,25306,20362,,,,19,-75,,43.02839990,12.53064323,4.29,13.21,283.9,254.4,"2026-04-20T13:14:41.690Z",GSM,true,"2026-04-20T13:14:16.649Z","Xiaomi Redmi Note 7",,,-75,,,,,,,,,,,,,,,,4
222,1,25306,35607,,,,26,-61,,43.02857658,12.53005736,4.29,13.34,285.3,254.23,"2026-04-20T13:14:45.648Z",GSM,false,"2026-04-20T13:12:02.657Z","Xiaomi Redmi Note 7",,,-61,,,,,,,,,,,,,,,,1002
222,1,25306,36650,,,,24,-65,,43.02857658,12.53005736,4.29,13.34,285.3,254.23,"2026-04-20T13:14:45.648Z",GSM,true,"2026-04-20T13:12:02.657Z","Xiaomi Redmi Note 7",,,-65,,,,,,,,,,,,,,,,1023
222,1,25306,652,,,,21,-71,,43.02857658,12.53005736,4.29,13.34,285.3,254.23,"2026-04-20T13:14:45.648Z",GSM,true,"2026-04-20T13:10:55.656Z","Xiaomi Redmi Note 7",,,-71,,,,,,,,,,,,,,,,1010
222,1,25305,208,,,,24,-65,,43.02857658,12.53005736,4.29,13.34,285.3,254.23,"2026-04-20T13:14:45.648Z",GSM,true,"2026-04-20T13:12:02.657Z","Xiaomi Redmi Note 7",,,-65,,,,,,,,,,,,,,,,1009
222,1,25306,20362,,,,19,-75,,43.02857658,12.53005736,4.29,13.34,285.3,254.23,"2026-04-20T13:14:45.648Z",GSM,true,"2026-04-20T13:14:16.649Z","Xiaomi Redmi Note 7",,,-75,,,,,,,,,,,,,,,,4
222,1,25306,35607,,,,26,-61,,43.02877149,12.52942897,4.29,13.86,288.7,254.82,"2026-04-20T13:14:49.644Z",GSM,false,"2026-04-20T13:12:02.657Z","Xiaomi Redmi Note 7",,,-61,,,,,,,,,,,,,,,,1002
222,1,25306,36650,,,,24,-65,,43.02877149,12.52942897,4.29,13.86,288.7,254.82,"2026-04-20T13:14:49.644Z",GSM,true,"2026-04-20T13:12:02.657Z","Xiaomi Redmi Note 7",,,-65,,,,,,,,,,,,,,,,1023
222,1,25306,652,,,,21,-71,,43.02877149,12.52942897,4.29,13.86,288.7,254.82,"2026-04-20T13:14:49.644Z",GSM,true,"2026-04-20T13:10:55.656Z","Xiaomi Redmi Note 7",,,-71,,,,,,,,,,,,,,,,1010
222,1,25305,208,,,,24,-65,,43.02877149,12.52942897,4.29,13.86,288.7,254.82,"2026-04-20T13:14:49.644Z",GSM,true,"2026-04-20T13:12:02.657Z","Xiaomi Redmi Note 7",,,-65,,,,,,,,,,,,,,,,1009
222,1,25306,20362,,,,19,-75,,43.02877149,12.52942897,4.29,13.86,288.7,254.82,"2026-04-20T13:14:49.644Z",GSM,true,"2026-04-20T13:14:16.649Z","Xiaomi Redmi Note 7",,,-75,,,,,,,,,,,,,,,,4
222,1,25306,35607,,,,26,-61,,43.02894791,12.52881091,4.29,13.72,291.4,255.54,"2026-04-20T13:14:53.697Z",GSM,false,"2026-04-20T13:12:02.657Z","Xiaomi Redmi Note 7",,,-61,,,,,,,,,,,,,,,,1002
222,1,25306,36650,,,,24,-65,,43.02894791,12.52881091,4.29,13.72,291.4,255.54,"2026-04-20T13:14:53.697Z",GSM,true,"2026-04-20T13:12:02.657Z","Xiaomi Redmi Note 7",,,-65,,,,,,,,,,,,,,,,1023
222,1,25306,652,,,,21,-71,,43.02894791,12.52881091,4.29,13.72,291.4,255.54,"2026-04-20T13:14:53.697Z",GSM,true,"2026-04-20T13:10:55.656Z","Xiaomi Redmi Note 7",,,-71,,,,,,,,,,,,,,,,1010
222,1,25305,208,,,,24,-65,,43.02894791,12.52881091,4.29,13.72,291.4,255.54,"2026-04-20T13:14:53.697Z",GSM,true,"2026-04-20T13:12:02.657Z","Xiaomi Redmi Note 7",,,-65,,,,,,,,,,,,,,,,1009
222,1,25306,20362,,,,19,-75,,43.02894791,12.52881091,4.29,13.72,291.4,255.54,"2026-04-20T13:14:53.697Z",GSM,true,"2026-04-20T13:14:16.649Z","Xiaomi Redmi Note 7",,,-75,,,,,,,,,,,,,,,,4
222,1,25306,35607,,,,20,-73,,43.02910911,12.52819797,4.29,13.54,286.8,255.73,"2026-04-20T13:14:57.649Z",GSM,false,"2026-04-20T13:12:02.657Z","Xiaomi Redmi Note 7",,,-73,,,,,,,,,,,,,,,,1002
222,1,25306,36650,,,,22,-69,,43.02910911,12.52819797,4.29,13.54,286.8,255.73,"2026-04-20T13:14:57.649Z",GSM,true,"2026-04-20T13:12:02.657Z","Xiaomi Redmi Note 7",,,-69,,,,,,,,,,,,,,,,1023
222,1,25306,652,,,,20,-73,,43.02910911,12.52819797,4.29,13.54,286.8,255.73,"2026-04-20T13:14:57.649Z",GSM,true,"2026-04-20T13:10:55.656Z","Xiaomi Redmi Note 7",,,-73,,,,,,,,,,,,,,,,1010
222,1,25305,208,,,,23,-67,,43.02910911,12.52819797,4.29,13.54,286.8,255.73,"2026-04-20T13:14:57.649Z",GSM,true,"2026-04-20T13:12:02.657Z","Xiaomi Redmi Note 7",,,-67,,,,,,,,,,,,,,,,1009
222,1,25305,35383,,,,20,-73,,43.02910911,12.52819797,4.29,13.54,286.8,255.73,"2026-04-20T13:14:57.649Z",GSM,true,"2026-04-20T13:14:57.649Z","Xiaomi Redmi Note 7",,,-73,,,,,,,,,,,,,,,,1020
222,1,25306,35657,,,,23,-67,,43.02910911,12.52819797,4.29,13.54,286.8,255.73,"2026-04-20T13:14:57.649Z",GSM,true,"2026-04-20T13:10:55.656Z","Xiaomi Redmi Note 7",,,-67,,,,,,,,,,,,,,,,9
222,1,25306,35607,,,,20,-73,,43.02881838,12.52769911,4.29,9.79,200.5,243.1,"2026-04-20T13:15:03.647Z",GSM,false,"2026-04-20T13:12:02.657Z","Xiaomi Redmi Note 7",,,-73,,,,,,,,,,,,,,,,1002
222,1,25306,36650,,,,22,-69,,43.02881838,12.52769911,4.29,9.79,200.5,243.1,"2026-04-20T13:15:03.647Z",GSM,true,"2026-04-20T13:12:02.657Z","Xiaomi Redmi Note 7",,,-69,,,,,,,,,,,,,,,,1023
222,1,25306,652,,,,20,-73,,43.02881838,12.52769911,4.29,9.79,200.5,243.1,"2026-04-20T13:15:03.647Z",GSM,true,"2026-04-20T13:10:55.656Z","Xiaomi Redmi Note 7",,,-73,,,,,,,,,,,,,,,,1010
222,1,25305,208,,,,23,-67,,43.02881838,12.52769911,4.29,9.79,200.5,243.1,"2026-04-20T13:15:03.647Z",GSM,true,"2026-04-20T13:12:02.657Z","Xiaomi Redmi Note 7",,,-67,,,,,,,,,,,,,,,,1009
222,1,25305,35383,,,,20,-73,,43.02881838,12.52769911,4.29,9.79,200.5,243.1,"2026-04-20T13:15:03.647Z",GSM,true,"2026-04-20T13:14:57.649Z","Xiaomi Redmi Note 7",,,-73,,,,,,,,,,,,,,,,1020
222,1,25306,35657,,,,23,-67,,43.02881838,12.52769911,4.29,9.79,200.5,243.1,"2026-04-20T13:15:03.647Z",GSM,true,"2026-04-20T13:10:55.656Z","Xiaomi Redmi Note 7",,,-67,,,,,,,,,,,,,,,,9
222,1,25306,35657,,,,18,-77,0,43.02842012,12.52782767,5.36,12.52,161,240.49,"2026-04-20T13:15:07.660Z",GSM,false,"2026-04-20T13:10:55.656Z","Xiaomi Redmi Note 7",,,-77,,,,,,,,,,,,,,,,9
222,1,25306,36650,,,,21,-71,,43.02842012,12.52782767,5.36,12.52,161,240.49,"2026-04-20T13:15:07.660Z",GSM,true,"2026-04-20T13:12:02.657Z","Xiaomi Redmi Note 7",,,-71,,,,,,,,,,,,,,,,1023
222,1,25306,652,,,,20,-73,,43.02842012,12.52782767,5.36,12.52,161,240.49,"2026-04-20T13:15:07.660Z",GSM,true,"2026-04-20T13:10:55.656Z","Xiaomi Redmi Note 7",,,-73,,,,,,,,,,,,,,,,1010
222,1,25305,208,,,,22,-69,,43.02842012,12.52782767,5.36,12.52,161,240.49,"2026-04-20T13:15:07.660Z",GSM,true,"2026-04-20T13:12:02.657Z","Xiaomi Redmi Note 7",,,-69,,,,,,,,,,,,,,,,1009
222,1,25305,35383,,,,19,-75,,43.02842012,12.52782767,5.36,12.52,161,240.49,"2026-04-20T13:15:07.660Z",GSM,true,"2026-04-20T13:14:57.649Z","Xiaomi Redmi Note 7",,,-75,,,,,,,,,,,,,,,,1020
222,1,25306,175,,,,20,-73,,43.02842012,12.52782767,5.36,12.52,161,240.49,"2026-04-20T13:15:07.660Z",GSM,true,"2026-04-20T13:10:55.656Z","Xiaomi Redmi Note 7",,,-73,,,,,,,,,,,,,,,,1022
222,1,25306,35657,,,,18,-77,0,43.02803483,12.52814495,5.36,11.57,131.5,239.94,"2026-04-20T13:15:11.650Z",GSM,false,"2026-04-20T13:10:55.656Z","Xiaomi Redmi Note 7",,,-77,,,,,,,,,,,,,,,,9
222,1,25306,36650,,,,21,-71,,43.02803483,12.52814495,5.36,11.57,131.5,239.94,"2026-04-20T13:15:11.650Z",GSM,true,"2026-04-20T13:12:02.657Z","Xiaomi Redmi Note 7",,,-71,,,,,,,,,,,,,,,,1023
222,1,25306,652,,,,20,-73,,43.02803483,12.52814495,5.36,11.57,131.5,239.94,"2026-04-20T13:15:11.650Z",GSM,true,"2026-04-20T13:10:55.656Z","Xiaomi Redmi Note 7",,,-73,,,,,,,,,,,,,,,,1010
222,1,25305,208,,,,22,-69,,43.02803483,12.52814495,5.36,11.57,131.5,239.94,"2026-04-20T13:15:11.650Z",GSM,true,"2026-04-20T13:12:02.657Z","Xiaomi Redmi Note 7",,,-69,,,,,,,,,,,,,,,,1009
222,1,25305,35383,,,,19,-75,,43.02803483,12.52814495,5.36,11.57,131.5,239.94,"2026-04-20T13:15:11.650Z",GSM,true,"2026-04-20T13:14:57.649Z","Xiaomi Redmi Note 7",,,-75,,,,,,,,,,,,,,,,1020
222,1,25306,175,,,,20,-73,,43.02803483,12.52814495,5.36,11.57,131.5,239.94,"2026-04-20T13:15:11.650Z",GSM,true,"2026-04-20T13:10:55.656Z","Xiaomi Redmi Note 7",,,-73,,,,,,,,,,,,,,,,1022
222,1,25306,35657,,,,18,-77,0,43.02772084,12.52865124,4.29,13.9,130.8,240.32,"2026-04-20T13:15:15.647Z",GSM,false,"2026-04-20T13:10:55.656Z","Xiaomi Redmi Note 7",,,-77,,,,,,,,,,,,,,,,9
222,1,25306,36650,,,,21,-71,,43.02772084,12.52865124,4.29,13.9,130.8,240.32,"2026-04-20T13:15:15.647Z",GSM,true,"2026-04-20T13:12:02.657Z","Xiaomi Redmi Note 7",,,-71,,,,,,,,,,,,,,,,1023
222,1,25306,652,,,,20,-73,,43.02772084,12.52865124,4.29,13.9,130.8,240.32,"2026-04-20T13:15:15.647Z",GSM,true,"2026-04-20T13:10:55.656Z","Xiaomi Redmi Note 7",,,-73,,,,,,,,,,,,,,,,1010
222,1,25305,208,,,,22,-69,,43.02772084,12.52865124,4.29,13.9,130.8,240.32,"2026-04-20T13:15:15.647Z",GSM,true,"2026-04-20T13:12:02.657Z","Xiaomi Redmi Note 7",,,-69,,,,,,,,,,,,,,,,1009
222,1,25305,35383,,,,19,-75,,43.02772084,12.52865124,4.29,13.9,130.8,240.32,"2026-04-20T13:15:15.647Z",GSM,true,"2026-04-20T13:14:57.649Z","Xiaomi Redmi Note 7",,,-75,,,,,,,,,,,,,,,,1020
222,1,25306,175,,,,20,-73,,43.02772084,12.52865124,4.29,13.9,130.8,240.32,"2026-04-20T13:15:15.647Z",GSM,true,"2026-04-20T13:10:55.656Z","Xiaomi Redmi Note 7",,,-73,,,,,,,,,,,,,,,,1022
222,1,25306,35657,,,,18,-77,0,43.02739448,12.52921319,4.29,14.39,130.3,241.51,"2026-04-20T13:15:19.645Z",GSM,false,"2026-04-20T13:10:55.656Z","Xiaomi Redmi Note 7",,,-77,,,,,,,,,,,,,,,,9
222,1,25306,36650,,,,21,-71,,43.02739448,12.52921319,4.29,14.39,130.3,241.51,"2026-04-20T13:15:19.645Z",GSM,true,"2026-04-20T13:12:02.657Z","Xiaomi Redmi Note 7",,,-71,,,,,,,,,,,,,,,,1023
222,1,25306,652,,,,20,-73,,43.02739448,12.52921319,4.29,14.39,130.3,241.51,"2026-04-20T13:15:19.645Z",GSM,true,"2026-04-20T13:10:55.656Z","Xiaomi Redmi Note 7",,,-73,,,,,,,,,,,,,,,,1010
222,1,25305,208,,,,22,-69,,43.02739448,12.52921319,4.29,14.39,130.3,241.51,"2026-04-20T13:15:19.645Z",GSM,true,"2026-04-20T13:12:02.657Z","Xiaomi Redmi Note 7",,,-69,,,,,,,,,,,,,,,,1009
222,1,25305,35383,,,,19,-75,,43.02739448,12.52921319,4.29,14.39,130.3,241.51,"2026-04-20T13:15:19.645Z",GSM,true,"2026-04-20T13:14:57.649Z","Xiaomi Redmi Note 7",,,-75,,,,,,,,,,,,,,,,1020
222,1,25306,175,,,,20,-73,,43.02739448,12.52921319,4.29,14.39,130.3,241.51,"2026-04-20T13:15:19.645Z",GSM,true,"2026-04-20T13:10:55.656Z","Xiaomi Redmi Note 7",,,-73,,,,,,,,,,,,,,,,1022
222,1,25306,35657,,,,18,-77,0,43.02708249,12.52974299,4.29,13.48,129.7,241.19,"2026-04-20T13:15:23.690Z",GSM,false,"2026-04-20T13:10:55.656Z","Xiaomi Redmi Note 7",,,-77,,,,,,,,,,,,,,,,9
222,1,25306,36650,,,,21,-71,,43.02708249,12.52974299,4.29,13.48,129.7,241.19,"2026-04-20T13:15:23.690Z",GSM,true,"2026-04-20T13:12:02.657Z","Xiaomi Redmi Note 7",,,-71,,,,,,,,,,,,,,,,1023
222,1,25306,652,,,,20,-73,,43.02708249,12.52974299,4.29,13.48,129.7,241.19,"2026-04-20T13:15:23.690Z",GSM,true,"2026-04-20T13:10:55.656Z","Xiaomi Redmi Note 7",,,-73,,,,,,,,,,,,,,,,1010
222,1,25305,208,,,,22,-69,,43.02708249,12.52974299,4.29,13.48,129.7,241.19,"2026-04-20T13:15:23.690Z",GSM,true,"2026-04-20T13:12:02.657Z","Xiaomi Redmi Note 7",,,-69,,,,,,,,,,,,,,,,1009
222,1,25305,35383,,,,19,-75,,43.02708249,12.52974299,4.29,13.48,129.7,241.19,"2026-04-20T13:15:23.690Z",GSM,true,"2026-04-20T13:14:57.649Z","Xiaomi Redmi Note 7",,,-75,,,,,,,,,,,,,,,,1020
222,1,25306,175,,,,20,-73,,43.02708249,12.52974299,4.29,13.48,129.7,241.19,"2026-04-20T13:15:23.690Z",GSM,true,"2026-04-20T13:10:55.656Z","Xiaomi Redmi Note 7",,,-73,,,,,,,,,,,,,,,,1022
222,1,25306,35657,,,,18,-77,0,43.02679327,12.53028351,4.29,13.38,124.4,241.47,"2026-04-20T13:15:27.655Z",GSM,false,"2026-04-20T13:10:55.656Z","Xiaomi Redmi Note 7",,,-77,,,,,,,,,,,,,,,,9
222,1,25306,36650,,,,21,-71,,43.02679327,12.53028351,4.29,13.38,124.4,241.47,"2026-04-20T13:15:27.655Z",GSM,true,"2026-04-20T13:12:02.657Z","Xiaomi Redmi Note 7",,,-71,,,,,,,,,,,,,,,,1023
222,1,25306,652,,,,20,-73,,43.02679327,12.53028351,4.29,13.38,124.4,241.47,"2026-04-20T13:15:27.655Z",GSM,true,"2026-04-20T13:10:55.656Z","Xiaomi Redmi Note 7",,,-73,,,,,,,,,,,,,,,,1010
222,1,25305,208,,,,20,-73,,43.02679327,12.53028351,4.29,13.38,124.4,241.47,"2026-04-20T13:15:27.655Z",GSM,true,"2026-04-20T13:12:02.657Z","Xiaomi Redmi Note 7",,,-73,,,,,,,,,,,,,,,,1009
222,1,25306,175,,,,19,-75,,43.02679327,12.53028351,4.29,13.38,124.4,241.47,"2026-04-20T13:15:27.655Z",GSM,true,"2026-04-20T13:10:55.656Z","Xiaomi Redmi Note 7",,,-75,,,,,,,,,,,,,,,,1022
222,1,25306,35607,,,,22,-69,,43.02679327,12.53028351,4.29,13.38,124.4,241.47,"2026-04-20T13:15:27.655Z",GSM,true,"2026-04-20T13:12:02.657Z","Xiaomi Redmi Note 7",,,-69,,,,,,,,,,,,,,,,1002
222,1,25306,35411,,,,19,-75,,43.02679327,12.53028351,4.29,13.38,124.4,241.47,"2026-04-20T13:15:27.655Z",GSM,true,"2026-04-20T13:15:27.655Z","Xiaomi Redmi Note 7",,,-75,,,,,,,,,,,,,,,,8
222,1,25306,35657,,,,18,-77,0,43.02649639,12.53085771,3.22,14.79,124.9,242.3,"2026-04-20T13:15:31.654Z",GSM,false,"2026-04-20T13:10:55.656Z","Xiaomi Redmi Note 7",,,-77,,,,,,,,,,,,,,,,9
222,1,25306,36650,,,,21,-71,,43.02649639,12.53085771,3.22,14.79,124.9,242.3,"2026-04-20T13:15:31.654Z",GSM,true,"2026-04-20T13:12:02.657Z","Xiaomi Redmi Note 7",,,-71,,,,,,,,,,,,,,,,1023
222,1,25306,652,,,,20,-73,,43.02649639,12.53085771,3.22,14.79,124.9,242.3,"2026-04-20T13:15:31.654Z",GSM,true,"2026-04-20T13:10:55.656Z","Xiaomi Redmi Note 7",,,-73,,,,,,,,,,,,,,,,1010
222,1,25305,208,,,,20,-73,,43.02649639,12.53085771,3.22,14.79,124.9,242.3,"2026-04-20T13:15:31.654Z",GSM,true,"2026-04-20T13:12:02.657Z","Xiaomi Redmi Note 7",,,-73,,,,,,,,,,,,,,,,1009
222,1,25306,175,,,,19,-75,,43.02649639,12.53085771,3.22,14.79,124.9,242.3,"2026-04-20T13:15:31.654Z",GSM,true,"2026-04-20T13:10:55.656Z","Xiaomi Redmi Note 7",,,-75,,,,,,,,,,,,,,,,1022
222,1,25306,35607,,,,22,-69,,43.02649639,12.53085771,3.22,14.79,124.9,242.3,"2026-04-20T13:15:31.654Z",GSM,true,"2026-04-20T13:12:02.657Z","Xiaomi Redmi Note 7",,,-69,,,,,,,,,,,,,,,,1002
222,1,25306,35411,,,,19,-75,,43.02649639,12.53085771,3.22,14.79,124.9,242.3,"2026-04-20T13:15:31.654Z",GSM,true,"2026-04-20T13:15:27.655Z","Xiaomi Redmi Note 7",,,-75,,,,,,,,,,,,,,,,8
222,1,25306,35657,,,,18,-77,0,43.02623702,12.53131276,3.22,15.33,125.8,242.15,"2026-04-20T13:15:34.648Z",GSM,false,"2026-04-20T13:10:55.656Z","Xiaomi Redmi Note 7",,,-77,,,,,,,,,,,,,,,,9
222,1,25306,36650,,,,21,-71,,43.02623702,12.53131276,3.22,15.33,125.8,242.15,"2026-04-20T13:15:34.648Z",GSM,true,"2026-04-20T13:12:02.657Z","Xiaomi Redmi Note 7",,,-71,,,,,,,,,,,,,,,,1023
222,1,25306,652,,,,20,-73,,43.02623702,12.53131276,3.22,15.33,125.8,242.15,"2026-04-20T13:15:34.648Z",GSM,true,"2026-04-20T13:10:55.656Z","Xiaomi Redmi Note 7",,,-73,,,,,,,,,,,,,,,,1010
222,1,25305,208,,,,20,-73,,43.02623702,12.53131276,3.22,15.33,125.8,242.15,"2026-04-20T13:15:34.648Z",GSM,true,"2026-04-20T13:12:02.657Z","Xiaomi Redmi Note 7",,,-73,,,,,,,,,,,,,,,,1009
222,1,25306,175,,,,19,-75,,43.02623702,12.53131276,3.22,15.33,125.8,242.15,"2026-04-20T13:15:34.648Z",GSM,true,"2026-04-20T13:10:55.656Z","Xiaomi Redmi Note 7",,,-75,,,,,,,,,,,,,,,,1022
222,1,25306,35607,,,,22,-69,,43.02623702,12.53131276,3.22,15.33,125.8,242.15,"2026-04-20T13:15:34.648Z",GSM,true,"2026-04-20T13:12:02.657Z","Xiaomi Redmi Note 7",,,-69,,,,,,,,,,,,,,,,1002
222,1,25306,35411,,,,19,-75,,43.02623702,12.53131276,3.22,15.33,125.8,242.15,"2026-04-20T13:15:34.648Z",GSM,true,"2026-04-20T13:15:27.655Z","Xiaomi Redmi Note 7",,,-75,,,,,,,,,,,,,,,,8
222,1,25306,35657,,,,18,-77,0,43.02600817,12.53178487,4.29,15.46,124.8,241.53,"2026-04-20T13:15:37.654Z",GSM,false,"2026-04-20T13:10:55.656Z","Xiaomi Redmi Note 7",,,-77,,,,,,,,,,,,,,,,9
222,1,25306,36650,,,,21,-71,,43.02600817,12.53178487,4.29,15.46,124.8,241.53,"2026-04-20T13:15:37.654Z",GSM,true,"2026-04-20T13:12:02.657Z","Xiaomi Redmi Note 7",,,-71,,,,,,,,,,,,,,,,1023
222,1,25306,652,,,,20,-73,,43.02600817,12.53178487,4.29,15.46,124.8,241.53,"2026-04-20T13:15:37.654Z",GSM,true,"2026-04-20T13:10:55.656Z","Xiaomi Redmi Note 7",,,-73,,,,,,,,,,,,,,,,1010
222,1,25305,208,,,,20,-73,,43.02600817,12.53178487,4.29,15.46,124.8,241.53,"2026-04-20T13:15:37.654Z",GSM,true,"2026-04-20T13:12:02.657Z","Xiaomi Redmi Note 7",,,-73,,,,,,,,,,,,,,,,1009
222,1,25306,175,,,,19,-75,,43.02600817,12.53178487,4.29,15.46,124.8,241.53,"2026-04-20T13:15:37.654Z",GSM,true,"2026-04-20T13:10:55.656Z","Xiaomi Redmi Note 7",,,-75,,,,,,,,,,,,,,,,1022
222,1,25306,35607,,,,22,-69,,43.02600817,12.53178487,4.29,15.46,124.8,241.53,"2026-04-20T13:15:37.654Z",GSM,true,"2026-04-20T13:12:02.657Z","Xiaomi Redmi Note 7",,,-69,,,,,,,,,,,,,,,,1002
222,1,25306,35411,,,,19,-75,,43.02600817,12.53178487,4.29,15.46,124.8,241.53,"2026-04-20T13:15:37.654Z",GSM,true,"2026-04-20T13:15:27.655Z","Xiaomi Redmi Note 7",,,-75,,,,,,,,,,,,,,,,8
222,1,25306,35657,,,,18,-77,0,43.02576173,12.53223459,3.22,13.93,149.9,243.07,"2026-04-20T13:15:40.643Z",GSM,false,"2026-04-20T13:10:55.656Z","Xiaomi Redmi Note 7",,,-77,,,,,,,,,,,,,,,,9
222,1,25306,36650,,,,21,-71,,43.02576173,12.53223459,3.22,13.93,149.9,243.07,"2026-04-20T13:15:40.643Z",GSM,true,"2026-04-20T13:12:02.657Z","Xiaomi Redmi Note 7",,,-71,,,,,,,,,,,,,,,,1023
222,1,25306,652,,,,20,-73,,43.02576173,12.53223459,3.22,13.93,149.9,243.07,"2026-04-20T13:15:40.643Z",GSM,true,"2026-04-20T13:10:55.656Z","Xiaomi Redmi Note 7",,,-73,,,,,,,,,,,,,,,,1010
222,1,25305,208,,,,20,-73,,43.02576173,12.53223459,3.22,13.93,149.9,243.07,"2026-04-20T13:15:40.643Z",GSM,true,"2026-04-20T13:12:02.657Z","Xiaomi Redmi Note 7",,,-73,,,,,,,,,,,,,,,,1009
222,1,25306,175,,,,19,-75,,43.02576173,12.53223459,3.22,13.93,149.9,243.07,"2026-04-20T13:15:40.643Z",GSM,true,"2026-04-20T13:10:55.656Z","Xiaomi Redmi Note 7",,,-75,,,,,,,,,,,,,,,,1022
222,1,25306,35607,,,,22,-69,,43.02576173,12.53223459,3.22,13.93,149.9,243.07,"2026-04-20T13:15:40.643Z",GSM,true,"2026-04-20T13:12:02.657Z","Xiaomi Redmi Note 7",,,-69,,,,,,,,,,,,,,,,1002
222,1,25306,35411,,,,19,-75,,43.02576173,12.53223459,3.22,13.93,149.9,243.07,"2026-04-20T13:15:40.643Z",GSM,true,"2026-04-20T13:15:27.655Z","Xiaomi Redmi Note 7",,,-75,,,,,,,,,,,,,,,,8
222,1,25306,35657,,,,18,-77,5,43.02558905,12.53162794,4.29,13.77,268.6,242.37,"2026-04-20T13:15:48.673Z",GSM,false,"2026-04-20T13:10:55.656Z","Xiaomi Redmi Note 7",,,-77,,,,,,,,,,,,,,,,9
222,1,25306,36650,,,,22,-69,,43.02558905,12.53162794,4.29,13.77,268.6,242.37,"2026-04-20T13:15:48.673Z",GSM,true,"2026-04-20T13:12:02.657Z","Xiaomi Redmi Note 7",,,-69,,,,,,,,,,,,,,,,1023
222,1,25306,652,,,,19,-75,,43.02558905,12.53162794,4.29,13.77,268.6,242.37,"2026-04-20T13:15:48.673Z",GSM,true,"2026-04-20T13:10:55.656Z","Xiaomi Redmi Note 7",,,-75,,,,,,,,,,,,,,,,1010
222,1,25305,208,,,,21,-71,,43.02558905,12.53162794,4.29,13.77,268.6,242.37,"2026-04-20T13:15:48.673Z",GSM,true,"2026-04-20T13:12:02.657Z","Xiaomi Redmi Note 7",,,-71,,,,,,,,,,,,,,,,1009
222,1,25306,35607,,,,22,-69,,43.02558905,12.53162794,4.29,13.77,268.6,242.37,"2026-04-20T13:15:48.673Z",GSM,true,"2026-04-20T13:12:02.657Z","Xiaomi Redmi Note 7",,,-69,,,,,,,,,,,,,,,,1002
222,1,25306,175,,,,20,-73,,43.02558905,12.53162794,4.29,13.77,268.6,242.37,"2026-04-20T13:15:48.673Z",GSM,true,"2026-04-20T13:10:55.656Z","Xiaomi Redmi Note 7",,,-73,,,,,,,,,,,,,,,,1022
222,1,25305,35383,,,,19,-75,,43.02558905,12.53162794,4.29,13.77,268.6,242.37,"2026-04-20T13:15:48.673Z",GSM,true,"2026-04-20T13:14:57.649Z","Xiaomi Redmi Note 7",,,-75,,,,,,,,,,,,,,,,1020
222,1,25306,35657,,,,18,-77,5,43.02560785,12.53089265,3.22,15.55,271.3,245.48,"2026-04-20T13:15:52.687Z",GSM,false,"2026-04-20T13:10:55.656Z","Xiaomi Redmi Note 7",,,-77,,,,,,,,,,,,,,,,9
222,1,25306,36650,,,,22,-69,,43.02560785,12.53089265,3.22,15.55,271.3,245.48,"2026-04-20T13:15:52.687Z",GSM,true,"2026-04-20T13:12:02.657Z","Xiaomi Redmi Note 7",,,-69,,,,,,,,,,,,,,,,1023
222,1,25306,652,,,,19,-75,,43.02560785,12.53089265,3.22,15.55,271.3,245.48,"2026-04-20T13:15:52.687Z",GSM,true,"2026-04-20T13:10:55.656Z","Xiaomi Redmi Note 7",,,-75,,,,,,,,,,,,,,,,1010
222,1,25305,208,,,,21,-71,,43.02560785,12.53089265,3.22,15.55,271.3,245.48,"2026-04-20T13:15:52.687Z",GSM,true,"2026-04-20T13:12:02.657Z","Xiaomi Redmi Note 7",,,-71,,,,,,,,,,,,,,,,1009
222,1,25306,35607,,,,22,-69,,43.02560785,12.53089265,3.22,15.55,271.3,245.48,"2026-04-20T13:15:52.687Z",GSM,true,"2026-04-20T13:12:02.657Z","Xiaomi Redmi Note 7",,,-69,,,,,,,,,,,,,,,,1002
222,1,25306,175,,,,20,-73,,43.02560785,12.53089265,3.22,15.55,271.3,245.48,"2026-04-20T13:15:52.687Z",GSM,true,"2026-04-20T13:10:55.656Z","Xiaomi Redmi Note 7",,,-73,,,,,,,,,,,,,,,,1022
222,1,25305,35383,,,,19,-75,,43.02560785,12.53089265,3.22,15.55,271.3,245.48,"2026-04-20T13:15:52.687Z",GSM,true,"2026-04-20T13:14:57.649Z","Xiaomi Redmi Note 7",,,-75,,,,,,,,,,,,,,,,1020
222,1,25306,35657,,,,18,-77,5,43.02562766,12.53029351,3.22,16.57,270.3,245.35,"2026-04-20T13:15:55.645Z",GSM,false,"2026-04-20T13:10:55.656Z","Xiaomi Redmi Note 7",,,-77,,,,,,,,,,,,,,,,9
222,1,25306,36650,,,,22,-69,,43.02562766,12.53029351,3.22,16.57,270.3,245.35,"2026-04-20T13:15:55.645Z",GSM,true,"2026-04-20T13:12:02.657Z","Xiaomi Redmi Note 7",,,-69,,,,,,,,,,,,,,,,1023
222,1,25306,652,,,,19,-75,,43.02562766,12.53029351,3.22,16.57,270.3,245.35,"2026-04-20T13:15:55.645Z",GSM,true,"2026-04-20T13:10:55.656Z","Xiaomi Redmi Note 7",,,-75,,,,,,,,,,,,,,,,1010
222,1,25305,208,,,,21,-71,,43.02562766,12.53029351,3.22,16.57,270.3,245.35,"2026-04-20T13:15:55.645Z",GSM,true,"2026-04-20T13:12:02.657Z","Xiaomi Redmi Note 7",,,-71,,,,,,,,,,,,,,,,1009
222,1,25306,35607,,,,22,-69,,43.02562766,12.53029351,3.22,16.57,270.3,245.35,"2026-04-20T13:15:55.645Z",GSM,true,"2026-04-20T13:12:02.657Z","Xiaomi Redmi Note 7",,,-69,,,,,,,,,,,,,,,,1002
222,1,25306,175,,,,20,-73,,43.02562766,12.53029351,3.22,16.57,270.3,245.35,"2026-04-20T13:15:55.645Z",GSM,true,"2026-04-20T13:10:55.656Z","Xiaomi Redmi Note 7",,,-73,,,,,,,,,,,,,,,,1022
222,1,25305,35383,,,,19,-75,,43.02562766,12.53029351,3.22,16.57,270.3,245.35,"2026-04-20T13:15:55.645Z",GSM,true,"2026-04-20T13:14:57.649Z","Xiaomi Redmi Note 7",,,-75,,,,,,,,,,,,,,,,1020
222,1,25306,35657,,,,18,-77,5,43.02563028,12.52967845,4.29,16.51,269.7,244.52,"2026-04-20T13:15:58.688Z",GSM,false,"2026-04-20T13:10:55.656Z","Xiaomi Redmi Note 7",,,-77,,,,,,,,,,,,,,,,9
222,1,25306,36650,,,,21,-71,,43.02563028,12.52967845,4.29,16.51,269.7,244.52,"2026-04-20T13:15:58.688Z",GSM,true,"2026-04-20T13:12:02.657Z","Xiaomi Redmi Note 7",,,-71,,,,,,,,,,,,,,,,1023
222,1,25306,652,,,,19,-75,,43.02563028,12.52967845,4.29,16.51,269.7,244.52,"2026-04-20T13:15:58.688Z",GSM,true,"2026-04-20T13:10:55.656Z","Xiaomi Redmi Note 7",,,-75,,,,,,,,,,,,,,,,1010
222,1,25305,208,,,,21,-71,,43.02563028,12.52967845,4.29,16.51,269.7,244.52,"2026-04-20T13:15:58.688Z",GSM,true,"2026-04-20T13:12:02.657Z","Xiaomi Redmi Note 7",,,-71,,,,,,,,,,,,,,,,1009
222,1,25306,35607,,,,21,-71,,43.02563028,12.52967845,4.29,16.51,269.7,244.52,"2026-04-20T13:15:58.688Z",GSM,true,"2026-04-20T13:12:02.657Z","Xiaomi Redmi Note 7",,,-71,,,,,,,,,,,,,,,,1002
222,1,25306,175,,,,20,-73,,43.02563028,12.52967845,4.29,16.51,269.7,244.52,"2026-04-20T13:15:58.688Z",GSM,true,"2026-04-20T13:10:55.656Z","Xiaomi Redmi Note 7",,,-73,,,,,,,,,,,,,,,,1022
222,1,25305,35383,,,,20,-73,,43.02563028,12.52967845,4.29,16.51,269.7,244.52,"2026-04-20T13:15:58.688Z",GSM,true,"2026-04-20T13:14:57.649Z","Xiaomi Redmi Note 7",,,-73,,,,,,,,,,,,,,,,1020
222,1,25306,35657,,,,18,-77,5,43.02561360,12.52905886,4.29,16.48,269.8,243.14,"2026-04-20T13:16:01.653Z",GSM,false,"2026-04-20T13:10:55.656Z","Xiaomi Redmi Note 7",,,-77,,,,,,,,,,,,,,,,9
222,1,25306,36650,,,,21,-71,,43.02561360,12.52905886,4.29,16.48,269.8,243.14,"2026-04-20T13:16:01.653Z",GSM,true,"2026-04-20T13:12:02.657Z","Xiaomi Redmi Note 7",,,-71,,,,,,,,,,,,,,,,1023
222,1,25306,652,,,,19,-75,,43.02561360,12.52905886,4.29,16.48,269.8,243.14,"2026-04-20T13:16:01.653Z",GSM,true,"2026-04-20T13:10:55.656Z","Xiaomi Redmi Note 7",,,-75,,,,,,,,,,,,,,,,1010
222,1,25305,208,,,,21,-71,,43.02561360,12.52905886,4.29,16.48,269.8,243.14,"2026-04-20T13:16:01.653Z",GSM,true,"2026-04-20T13:12:02.657Z","Xiaomi Redmi Note 7",,,-71,,,,,,,,,,,,,,,,1009
222,1,25306,35607,,,,21,-71,,43.02561360,12.52905886,4.29,16.48,269.8,243.14,"2026-04-20T13:16:01.653Z",GSM,true,"2026-04-20T13:12:02.657Z","Xiaomi Redmi Note 7",,,-71,,,,,,,,,,,,,,,,1002
222,1,25306,175,,,,20,-73,,43.02561360,12.52905886,4.29,16.48,269.8,243.14,"2026-04-20T13:16:01.653Z",GSM,true,"2026-04-20T13:10:55.656Z","Xiaomi Redmi Note 7",,,-73,,,,,,,,,,,,,,,,1022
222,1,25305,35383,,,,20,-73,,43.02561360,12.52905886,4.29,16.48,269.8,243.14,"2026-04-20T13:16:01.653Z",GSM,true,"2026-04-20T13:14:57.649Z","Xiaomi Redmi Note 7",,,-73,,,,,,,,,,,,,,,,1020
222,1,25306,35657,,,,18,-77,5,43.02560688,12.52842866,4.29,16.78,268.7,243.9,"2026-04-20T13:16:04.688Z",GSM,false,"2026-04-20T13:10:55.656Z","Xiaomi Redmi Note 7",,,-77,,,,,,,,,,,,,,,,9
222,1,25306,36650,,,,21,-71,,43.02560688,12.52842866,4.29,16.78,268.7,243.9,"2026-04-20T13:16:04.688Z",GSM,true,"2026-04-20T13:12:02.657Z","Xiaomi Redmi Note 7",,,-71,,,,,,,,,,,,,,,,1023
222,1,25306,652,,,,19,-75,,43.02560688,12.52842866,4.29,16.78,268.7,243.9,"2026-04-20T13:16:04.688Z",GSM,true,"2026-04-20T13:10:55.656Z","Xiaomi Redmi Note 7",,,-75,,,,,,,,,,,,,,,,1010
222,1,25305,208,,,,21,-71,,43.02560688,12.52842866,4.29,16.78,268.7,243.9,"2026-04-20T13:16:04.688Z",GSM,true,"2026-04-20T13:12:02.657Z","Xiaomi Redmi Note 7",,,-71,,,,,,,,,,,,,,,,1009
222,1,25306,35607,,,,21,-71,,43.02560688,12.52842866,4.29,16.78,268.7,243.9,"2026-04-20T13:16:04.688Z",GSM,true,"2026-04-20T13:12:02.657Z","Xiaomi Redmi Note 7",,,-71,,,,,,,,,,,,,,,,1002
222,1,25306,175,,,,20,-73,,43.02560688,12.52842866,4.29,16.78,268.7,243.9,"2026-04-20T13:16:04.688Z",GSM,true,"2026-04-20T13:10:55.656Z","Xiaomi Redmi Note 7",,,-73,,,,,,,,,,,,,,,,1022
222,1,25305,35383,,,,20,-73,,43.02560688,12.52842866,4.29,16.78,268.7,243.9,"2026-04-20T13:16:04.688Z",GSM,true,"2026-04-20T13:14:57.649Z","Xiaomi Redmi Note 7",,,-73,,,,,,,,,,,,,,,,1020
222,1,25306,35657,,,,18,-77,5,43.02559022,12.52781856,3.22,16.55,268.3,243.43,"2026-04-20T13:16:07.671Z",GSM,false,"2026-04-20T13:10:55.656Z","Xiaomi Redmi Note 7",,,-77,,,,,,,,,,,,,,,,9
222,1,25306,36650,,,,21,-71,,43.02559022,12.52781856,3.22,16.55,268.3,243.43,"2026-04-20T13:16:07.671Z",GSM,true,"2026-04-20T13:12:02.657Z","Xiaomi Redmi Note 7",,,-71,,,,,,,,,,,,,,,,1023
222,1,25306,652,,,,19,-75,,43.02559022,12.52781856,3.22,16.55,268.3,243.43,"2026-04-20T13:16:07.671Z",GSM,true,"2026-04-20T13:10:55.656Z","Xiaomi Redmi Note 7",,,-75,,,,,,,,,,,,,,,,1010
222,1,25305,208,,,,21,-71,,43.02559022,12.52781856,3.22,16.55,268.3,243.43,"2026-04-20T13:16:07.671Z",GSM,true,"2026-04-20T13:12:02.657Z","Xiaomi Redmi Note 7",,,-71,,,,,,,,,,,,,,,,1009
222,1,25306,35607,,,,21,-71,,43.02559022,12.52781856,3.22,16.55,268.3,243.43,"2026-04-20T13:16:07.671Z",GSM,true,"2026-04-20T13:12:02.657Z","Xiaomi Redmi Note 7",,,-71,,,,,,,,,,,,,,,,1002
222,1,25306,175,,,,20,-73,,43.02559022,12.52781856,3.22,16.55,268.3,243.43,"2026-04-20T13:16:07.671Z",GSM,true,"2026-04-20T13:10:55.656Z","Xiaomi Redmi Note 7",,,-73,,,,,,,,,,,,,,,,1022
222,1,25305,35383,,,,20,-73,,43.02559022,12.52781856,3.22,16.55,268.3,243.43,"2026-04-20T13:16:07.671Z",GSM,true,"2026-04-20T13:14:57.649Z","Xiaomi Redmi Note 7",,,-73,,,,,,,,,,,,,,,,1020
222,1,25306,35657,,,,18,-77,5,43.02558333,12.52719791,3.22,16.63,269,243.64,"2026-04-20T13:16:10.694Z",GSM,false,"2026-04-20T13:10:55.656Z","Xiaomi Redmi Note 7",,,-77,,,,,,,,,,,,,,,,9
222,1,25306,36650,,,,21,-71,,43.02558333,12.52719791,3.22,16.63,269,243.64,"2026-04-20T13:16:10.694Z",GSM,true,"2026-04-20T13:12:02.657Z","Xiaomi Redmi Note 7",,,-71,,,,,,,,,,,,,,,,1023
222,1,25306,652,,,,19,-75,,43.02558333,12.52719791,3.22,16.63,269,243.64,"2026-04-20T13:16:10.694Z",GSM,true,"2026-04-20T13:10:55.656Z","Xiaomi Redmi Note 7",,,-75,,,,,,,,,,,,,,,,1010
222,1,25305,208,,,,21,-71,,43.02558333,12.52719791,3.22,16.63,269,243.64,"2026-04-20T13:16:10.694Z",GSM,true,"2026-04-20T13:12:02.657Z","Xiaomi Redmi Note 7",,,-71,,,,,,,,,,,,,,,,1009
222,1,25306,35607,,,,21,-71,,43.02558333,12.52719791,3.22,16.63,269,243.64,"2026-04-20T13:16:10.694Z",GSM,true,"2026-04-20T13:12:02.657Z","Xiaomi Redmi Note 7",,,-71,,,,,,,,,,,,,,,,1002
222,1,25306,175,,,,20,-73,,43.02558333,12.52719791,3.22,16.63,269,243.64,"2026-04-20T13:16:10.694Z",GSM,true,"2026-04-20T13:10:55.656Z","Xiaomi Redmi Note 7",,,-73,,,,,,,,,,,,,,,,1022
222,1,25305,35383,,,,20,-73,,43.02558333,12.52719791,3.22,16.63,269,243.64,"2026-04-20T13:16:10.694Z",GSM,true,"2026-04-20T13:14:57.649Z","Xiaomi Redmi Note 7",,,-73,,,,,,,,,,,,,,,,1020
222,1,25306,35657,,,,18,-77,5,43.02564735,12.52663543,4.29,15.22,282.2,242.65,"2026-04-20T13:16:13.657Z",GSM,false,"2026-04-20T13:10:55.656Z","Xiaomi Redmi Note 7",,,-77,,,,,,,,,,,,,,,,9
222,1,25306,36650,,,,21,-71,,43.02564735,12.52663543,4.29,15.22,282.2,242.65,"2026-04-20T13:16:13.657Z",GSM,true,"2026-04-20T13:12:02.657Z","Xiaomi Redmi Note 7",,,-71,,,,,,,,,,,,,,,,1023
222,1,25306,652,,,,19,-75,,43.02564735,12.52663543,4.29,15.22,282.2,242.65,"2026-04-20T13:16:13.657Z",GSM,true,"2026-04-20T13:10:55.656Z","Xiaomi Redmi Note 7",,,-75,,,,,,,,,,,,,,,,1010
222,1,25305,208,,,,21,-71,,43.02564735,12.52663543,4.29,15.22,282.2,242.65,"2026-04-20T13:16:13.657Z",GSM,true,"2026-04-20T13:12:02.657Z","Xiaomi Redmi Note 7",,,-71,,,,,,,,,,,,,,,,1009
222,1,25306,35607,,,,21,-71,,43.02564735,12.52663543,4.29,15.22,282.2,242.65,"2026-04-20T13:16:13.657Z",GSM,true,"2026-04-20T13:12:02.657Z","Xiaomi Redmi Note 7",,,-71,,,,,,,,,,,,,,,,1002
222,1,25306,175,,,,20,-73,,43.02564735,12.52663543,4.29,15.22,282.2,242.65,"2026-04-20T13:16:13.657Z",GSM,true,"2026-04-20T13:10:55.656Z","Xiaomi Redmi Note 7",,,-73,,,,,,,,,,,,,,,,1022
222,1,25305,35383,,,,20,-73,,43.02564735,12.52663543,4.29,15.22,282.2,242.65,"2026-04-20T13:16:13.657Z",GSM,true,"2026-04-20T13:14:57.649Z","Xiaomi Redmi Note 7",,,-73,,,,,,,,,,,,,,,,1020
222,1,25306,35657,,,,18,-77,4,43.02574206,12.52607100,4.29,15.97,282,242.31,"2026-04-20T13:16:16.699Z",GSM,false,"2026-04-20T13:10:55.656Z","Xiaomi Redmi Note 7",,,-77,,,,,,,,,,,,,,,,9
222,1,25306,36650,,,,21,-71,,43.02574206,12.52607100,4.29,15.97,282,242.31,"2026-04-20T13:16:16.699Z",GSM,true,"2026-04-20T13:12:02.657Z","Xiaomi Redmi Note 7",,,-71,,,,,,,,,,,,,,,,1023
222,1,25306,652,,,,20,-73,,43.02574206,12.52607100,4.29,15.97,282,242.31,"2026-04-20T13:16:16.699Z",GSM,true,"2026-04-20T13:10:55.656Z","Xiaomi Redmi Note 7",,,-73,,,,,,,,,,,,,,,,1010
222,1,25305,208,,,,21,-71,,43.02574206,12.52607100,4.29,15.97,282,242.31,"2026-04-20T13:16:16.699Z",GSM,true,"2026-04-20T13:12:02.657Z","Xiaomi Redmi Note 7",,,-71,,,,,,,,,,,,,,,,1009
222,1,25306,35607,,,,22,-69,,43.02574206,12.52607100,4.29,15.97,282,242.31,"2026-04-20T13:16:16.699Z",GSM,true,"2026-04-20T13:12:02.657Z","Xiaomi Redmi Note 7",,,-69,,,,,,,,,,,,,,,,1002
222,1,25306,175,,,,21,-71,,43.02574206,12.52607100,4.29,15.97,282,242.31,"2026-04-20T13:16:16.699Z",GSM,true,"2026-04-20T13:10:55.656Z","Xiaomi Redmi Note 7",,,-71,,,,,,,,,,,,,,,,1022
222,1,25305,35383,,,,20,-73,,43.02574206,12.52607100,4.29,15.97,282,242.31,"2026-04-20T13:16:16.699Z",GSM,true,"2026-04-20T13:14:57.649Z","Xiaomi Redmi Note 7",,,-73,,,,,,,,,,,,,,,,1020
222,1,25306,35657,,,,18,-77,4,43.02584483,12.52547502,4.29,16.76,282.9,242.62,"2026-04-20T13:16:19.654Z",GSM,false,"2026-04-20T13:10:55.656Z","Xiaomi Redmi Note 7",,,-77,,,,,,,,,,,,,,,,9
222,1,25306,36650,,,,21,-71,,43.02584483,12.52547502,4.29,16.76,282.9,242.62,"2026-04-20T13:16:19.654Z",GSM,true,"2026-04-20T13:12:02.657Z","Xiaomi Redmi Note 7",,,-71,,,,,,,,,,,,,,,,1023
222,1,25306,652,,,,20,-73,,43.02584483,12.52547502,4.29,16.76,282.9,242.62,"2026-04-20T13:16:19.654Z",GSM,true,"2026-04-20T13:10:55.656Z","Xiaomi Redmi Note 7",,,-73,,,,,,,,,,,,,,,,1010
222,1,25305,208,,,,21,-71,,43.02584483,12.52547502,4.29,16.76,282.9,242.62,"2026-04-20T13:16:19.654Z",GSM,true,"2026-04-20T13:12:02.657Z","Xiaomi Redmi Note 7",,,-71,,,,,,,,,,,,,,,,1009
222,1,25306,35607,,,,22,-69,,43.02584483,12.52547502,4.29,16.76,282.9,242.62,"2026-04-20T13:16:19.654Z",GSM,true,"2026-04-20T13:12:02.657Z","Xiaomi Redmi Note 7",,,-69,,,,,,,,,,,,,,,,1002
222,1,25306,175,,,,21,-71,,43.02584483,12.52547502,4.29,16.76,282.9,242.62,"2026-04-20T13:16:19.654Z",GSM,true,"2026-04-20T13:10:55.656Z","Xiaomi Redmi Note 7",,,-71,,,,,,,,,,,,,,,,1022
222,1,25305,35383,,,,20,-73,,43.02584483,12.52547502,4.29,16.76,282.9,242.62,"2026-04-20T13:16:19.654Z",GSM,true,"2026-04-20T13:14:57.649Z","Xiaomi Redmi Note 7",,,-73,,,,,,,,,,,,,,,,1020
222,1,25306,35657,,,,18,-77,4,43.02596109,12.52490539,4.29,16.35,285.7,242.46,"2026-04-20T13:16:22.657Z",GSM,false,"2026-04-20T13:10:55.656Z","Xiaomi Redmi Note 7",,,-77,,,,,,,,,,,,,,,,9
222,1,25306,36650,,,,21,-71,,43.02596109,12.52490539,4.29,16.35,285.7,242.46,"2026-04-20T13:16:22.657Z",GSM,true,"2026-04-20T13:12:02.657Z","Xiaomi Redmi Note 7",,,-71,,,,,,,,,,,,,,,,1023
222,1,25306,652,,,,20,-73,,43.02596109,12.52490539,4.29,16.35,285.7,242.46,"2026-04-20T13:16:22.657Z",GSM,true,"2026-04-20T13:10:55.656Z","Xiaomi Redmi Note 7",,,-73,,,,,,,,,,,,,,,,1010
222,1,25305,208,,,,21,-71,,43.02596109,12.52490539,4.29,16.35,285.7,242.46,"2026-04-20T13:16:22.657Z",GSM,true,"2026-04-20T13:12:02.657Z","Xiaomi Redmi Note 7",,,-71,,,,,,,,,,,,,,,,1009
222,1,25306,35607,,,,22,-69,,43.02596109,12.52490539,4.29,16.35,285.7,242.46,"2026-04-20T13:16:22.657Z",GSM,true,"2026-04-20T13:12:02.657Z","Xiaomi Redmi Note 7",,,-69,,,,,,,,,,,,,,,,1002
222,1,25306,175,,,,21,-71,,43.02596109,12.52490539,4.29,16.35,285.7,242.46,"2026-04-20T13:16:22.657Z",GSM,true,"2026-04-20T13:10:55.656Z","Xiaomi Redmi Note 7",,,-71,,,,,,,,,,,,,,,,1022
222,1,25305,35383,,,,20,-73,,43.02596109,12.52490539,4.29,16.35,285.7,242.46,"2026-04-20T13:16:22.657Z",GSM,true,"2026-04-20T13:14:57.649Z","Xiaomi Redmi Note 7",,,-73,,,,,,,,,,,,,,,,1020
222,1,25306,35657,,,,18,-77,4,43.02606708,12.52430840,4.29,16.39,285.2,241.59,"2026-04-20T13:16:25.643Z",GSM,false,"2026-04-20T13:10:55.656Z","Xiaomi Redmi Note 7",,,-77,,,,,,,,,,,,,,,,9
222,1,25306,36650,,,,21,-71,,43.02606708,12.52430840,4.29,16.39,285.2,241.59,"2026-04-20T13:16:25.643Z",GSM,true,"2026-04-20T13:12:02.657Z","Xiaomi Redmi Note 7",,,-71,,,,,,,,,,,,,,,,1023
222,1,25306,652,,,,20,-73,,43.02606708,12.52430840,4.29,16.39,285.2,241.59,"2026-04-20T13:16:25.643Z",GSM,true,"2026-04-20T13:10:55.656Z","Xiaomi Redmi Note 7",,,-73,,,,,,,,,,,,,,,,1010
222,1,25305,208,,,,21,-71,,43.02606708,12.52430840,4.29,16.39,285.2,241.59,"2026-04-20T13:16:25.643Z",GSM,true,"2026-04-20T13:12:02.657Z","Xiaomi Redmi Note 7",,,-71,,,,,,,,,,,,,,,,1009
222,1,25306,35607,,,,22,-69,,43.02606708,12.52430840,4.29,16.39,285.2,241.59,"2026-04-20T13:16:25.643Z",GSM,true,"2026-04-20T13:12:02.657Z","Xiaomi Redmi Note 7",,,-69,,,,,,,,,,,,,,,,1002
222,1,25306,175,,,,21,-71,,43.02606708,12.52430840,4.29,16.39,285.2,241.59,"2026-04-20T13:16:25.643Z",GSM,true,"2026-04-20T13:10:55.656Z","Xiaomi Redmi Note 7",,,-71,,,,,,,,,,,,,,,,1022
222,1,25305,35383,,,,20,-73,,43.02606708,12.52430840,4.29,16.39,285.2,241.59,"2026-04-20T13:16:25.643Z",GSM,true,"2026-04-20T13:14:57.649Z","Xiaomi Redmi Note 7",,,-73,,,,,,,,,,,,,,,,1020
222,1,25306,35657,,,,18,-77,4,43.02619431,12.52372641,3.22,17.02,283.2,244.23,"2026-04-20T13:16:28.649Z",GSM,false,"2026-04-20T13:10:55.656Z","Xiaomi Redmi Note 7",,,-77,,,,,,,,,,,,,,,,9
222,1,25306,36650,,,,21,-71,,43.02619431,12.52372641,3.22,17.02,283.2,244.23,"2026-04-20T13:16:28.649Z",GSM,true,"2026-04-20T13:12:02.657Z","Xiaomi Redmi Note 7",,,-71,,,,,,,,,,,,,,,,1023
222,1,25306,652,,,,20,-73,,43.02619431,12.52372641,3.22,17.02,283.2,244.23,"2026-04-20T13:16:28.649Z",GSM,true,"2026-04-20T13:10:55.656Z","Xiaomi Redmi Note 7",,,-73,,,,,,,,,,,,,,,,1010
222,1,25305,208,,,,21,-71,,43.02619431,12.52372641,3.22,17.02,283.2,244.23,"2026-04-20T13:16:28.649Z",GSM,true,"2026-04-20T13:12:02.657Z","Xiaomi Redmi Note 7",,,-71,,,,,,,,,,,,,,,,1009
222,1,25306,35607,,,,22,-69,,43.02619431,12.52372641,3.22,17.02,283.2,244.23,"2026-04-20T13:16:28.649Z",GSM,true,"2026-04-20T13:12:02.657Z","Xiaomi Redmi Note 7",,,-69,,,,,,,,,,,,,,,,1002
222,1,25306,175,,,,21,-71,,43.02619431,12.52372641,3.22,17.02,283.2,244.23,"2026-04-20T13:16:28.649Z",GSM,true,"2026-04-20T13:10:55.656Z","Xiaomi Redmi Note 7",,,-71,,,,,,,,,,,,,,,,1022
222,1,25305,35383,,,,20,-73,,43.02619431,12.52372641,3.22,17.02,283.2,244.23,"2026-04-20T13:16:28.649Z",GSM,true,"2026-04-20T13:14:57.649Z","Xiaomi Redmi Note 7",,,-73,,,,,,,,,,,,,,,,1020
222,1,25306,35657,,,,18,-77,4,43.02635043,12.52316278,3.22,15.36,300.6,245.54,"2026-04-20T13:16:31.653Z",GSM,false,"2026-04-20T13:10:55.656Z","Xiaomi Redmi Note 7",,,-77,,,,,,,,,,,,,,,,9
222,1,25306,36650,,,,21,-71,,43.02635043,12.52316278,3.22,15.36,300.6,245.54,"2026-04-20T13:16:31.653Z",GSM,true,"2026-04-20T13:12:02.657Z","Xiaomi Redmi Note 7",,,-71,,,,,,,,,,,,,,,,1023
222,1,25306,652,,,,20,-73,,43.02635043,12.52316278,3.22,15.36,300.6,245.54,"2026-04-20T13:16:31.653Z",GSM,true,"2026-04-20T13:10:55.656Z","Xiaomi Redmi Note 7",,,-73,,,,,,,,,,,,,,,,1010
222,1,25305,208,,,,21,-71,,43.02635043,12.52316278,3.22,15.36,300.6,245.54,"2026-04-20T13:16:31.653Z",GSM,true,"2026-04-20T13:12:02.657Z","Xiaomi Redmi Note 7",,,-71,,,,,,,,,,,,,,,,1009
222,1,25306,35607,,,,22,-69,,43.02635043,12.52316278,3.22,15.36,300.6,245.54,"2026-04-20T13:16:31.653Z",GSM,true,"2026-04-20T13:12:02.657Z","Xiaomi Redmi Note 7",,,-69,,,,,,,,,,,,,,,,1002
222,1,25306,175,,,,21,-71,,43.02635043,12.52316278,3.22,15.36,300.6,245.54,"2026-04-20T13:16:31.653Z",GSM,true,"2026-04-20T13:10:55.656Z","Xiaomi Redmi Note 7",,,-71,,,,,,,,,,,,,,,,1022
222,1,25305,35383,,,,20,-73,,43.02635043,12.52316278,3.22,15.36,300.6,245.54,"2026-04-20T13:16:31.653Z",GSM,true,"2026-04-20T13:14:57.649Z","Xiaomi Redmi Note 7",,,-73,,,,,,,,,,,,,,,,1020
222,1,25306,35657,,,,18,-77,5,43.02684614,12.52307276,3.22,13.46,8.6,245.33,"2026-04-20T13:16:36.644Z",GSM,false,"2026-04-20T13:10:55.656Z","Xiaomi Redmi Note 7",,,-77,,,,,,,,,,,,,,,,9
222,1,25306,36650,,,,21,-71,,43.02684614,12.52307276,3.22,13.46,8.6,245.33,"2026-04-20T13:16:36.644Z",GSM,true,"2026-04-20T13:12:02.657Z","Xiaomi Redmi Note 7",,,-71,,,,,,,,,,,,,,,,1023
222,1,25305,208,,,,21,-71,,43.02684614,12.52307276,3.22,13.46,8.6,245.33,"2026-04-20T13:16:36.644Z",GSM,true,"2026-04-20T13:12:02.657Z","Xiaomi Redmi Note 7",,,-71,,,,,,,,,,,,,,,,1009
222,1,25306,35607,,,,20,-73,,43.02684614,12.52307276,3.22,13.46,8.6,245.33,"2026-04-20T13:16:36.644Z",GSM,true,"2026-04-20T13:12:02.657Z","Xiaomi Redmi Note 7",,,-73,,,,,,,,,,,,,,,,1002
222,1,25306,175,,,,20,-73,,43.02684614,12.52307276,3.22,13.46,8.6,245.33,"2026-04-20T13:16:36.644Z",GSM,true,"2026-04-20T13:10:55.656Z","Xiaomi Redmi Note 7",,,-73,,,,,,,,,,,,,,,,1022
222,1,25306,652,,,,20,-73,,43.02684614,12.52307276,3.22,13.46,8.6,245.33,"2026-04-20T13:16:36.644Z",GSM,true,"2026-04-20T13:10:55.656Z","Xiaomi Redmi Note 7",,,-73,,,,,,,,,,,,,,,,1010
222,1,25306,35362,,,,20,-73,,43.02684614,12.52307276,3.22,13.46,8.6,245.33,"2026-04-20T13:16:36.644Z",GSM,true,"2026-04-20T13:10:55.656Z","Xiaomi Redmi Note 7",,,-73,,,,,,,,,,,,,,,,2
222,1,25306,35657,,,,18,-77,5,43.02737948,12.52320129,3.22,15.97,11.4,245.6,"2026-04-20T13:16:40.644Z",GSM,false,"2026-04-20T13:10:55.656Z","Xiaomi Redmi Note 7",,,-77,,,,,,,,,,,,,,,,9
222,1,25306,36650,,,,21,-71,,43.02737948,12.52320129,3.22,15.97,11.4,245.6,"2026-04-20T13:16:40.644Z",GSM,true,"2026-04-20T13:12:02.657Z","Xiaomi Redmi Note 7",,,-71,,,,,,,,,,,,,,,,1023
222,1,25305,208,,,,21,-71,,43.02737948,12.52320129,3.22,15.97,11.4,245.6,"2026-04-20T13:16:40.644Z",GSM,true,"2026-04-20T13:12:02.657Z","Xiaomi Redmi Note 7",,,-71,,,,,,,,,,,,,,,,1009
222,1,25306,35607,,,,20,-73,,43.02737948,12.52320129,3.22,15.97,11.4,245.6,"2026-04-20T13:16:40.644Z",GSM,true,"2026-04-20T13:12:02.657Z","Xiaomi Redmi Note 7",,,-73,,,,,,,,,,,,,,,,1002
222,1,25306,175,,,,20,-73,,43.02737948,12.52320129,3.22,15.97,11.4,245.6,"2026-04-20T13:16:40.644Z",GSM,true,"2026-04-20T13:10:55.656Z","Xiaomi Redmi Note 7",,,-73,,,,,,,,,,,,,,,,1022
222,1,25306,652,,,,20,-73,,43.02737948,12.52320129,3.22,15.97,11.4,245.6,"2026-04-20T13:16:40.644Z",GSM,true,"2026-04-20T13:10:55.656Z","Xiaomi Redmi Note 7",,,-73,,,,,,,,,,,,,,,,1010
222,1,25306,35362,,,,20,-73,,43.02737948,12.52320129,3.22,15.97,11.4,245.6,"2026-04-20T13:16:40.644Z",GSM,true,"2026-04-20T13:10:55.656Z","Xiaomi Redmi Note 7",,,-73,,,,,,,,,,,,,,,,2
222,1,25306,35657,,,,18,-77,5,43.02778247,12.52335851,3.22,14.56,28.2,248.53,"2026-04-20T13:16:43.645Z",GSM,false,"2026-04-20T13:10:55.656Z","Xiaomi Redmi Note 7",,,-77,,,,,,,,,,,,,,,,9
222,1,25306,36650,,,,21,-71,,43.02778247,12.52335851,3.22,14.56,28.2,248.53,"2026-04-20T13:16:43.645Z",GSM,true,"2026-04-20T13:12:02.657Z","Xiaomi Redmi Note 7",,,-71,,,,,,,,,,,,,,,,1023
222,1,25305,208,,,,21,-71,,43.02778247,12.52335851,3.22,14.56,28.2,248.53,"2026-04-20T13:16:43.645Z",GSM,true,"2026-04-20T13:12:02.657Z","Xiaomi Redmi Note 7",,,-71,,,,,,,,,,,,,,,,1009
222,1,25306,35607,,,,20,-73,,43.02778247,12.52335851,3.22,14.56,28.2,248.53,"2026-04-20T13:16:43.645Z",GSM,true,"2026-04-20T13:12:02.657Z","Xiaomi Redmi Note 7",,,-73,,,,,,,,,,,,,,,,1002
222,1,25306,175,,,,20,-73,,43.02778247,12.52335851,3.22,14.56,28.2,248.53,"2026-04-20T13:16:43.645Z",GSM,true,"2026-04-20T13:10:55.656Z","Xiaomi Redmi Note 7",,,-73,,,,,,,,,,,,,,,,1022
222,1,25306,652,,,,20,-73,,43.02778247,12.52335851,3.22,14.56,28.2,248.53,"2026-04-20T13:16:43.645Z",GSM,true,"2026-04-20T13:10:55.656Z","Xiaomi Redmi Note 7",,,-73,,,,,,,,,,,,,,,,1010
222,1,25306,35362,,,,20,-73,,43.02778247,12.52335851,3.22,14.56,28.2,248.53,"2026-04-20T13:16:43.645Z",GSM,true,"2026-04-20T13:10:55.656Z","Xiaomi Redmi Note 7",,,-73,,,,,,,,,,,,,,,,2
222,1,25306,35657,,,,18,-77,5,43.02789952,12.52390203,4.29,10.09,112.2,248.43,"2026-04-20T13:16:48.644Z",GSM,false,"2026-04-20T13:10:55.656Z","Xiaomi Redmi Note 7",,,-77,,,,,,,,,,,,,,,,9
222,1,25306,36650,,,,21,-71,,43.02789952,12.52390203,4.29,10.09,112.2,248.43,"2026-04-20T13:16:48.644Z",GSM,true,"2026-04-20T13:12:02.657Z","Xiaomi Redmi Note 7",,,-71,,,,,,,,,,,,,,,,1023
222,1,25305,208,,,,21,-71,,43.02789952,12.52390203,4.29,10.09,112.2,248.43,"2026-04-20T13:16:48.644Z",GSM,true,"2026-04-20T13:12:02.657Z","Xiaomi Redmi Note 7",,,-71,,,,,,,,,,,,,,,,1009
222,1,25306,35607,,,,20,-73,,43.02789952,12.52390203,4.29,10.09,112.2,248.43,"2026-04-20T13:16:48.644Z",GSM,true,"2026-04-20T13:12:02.657Z","Xiaomi Redmi Note 7",,,-73,,,,,,,,,,,,,,,,1002
222,1,25306,175,,,,20,-73,,43.02789952,12.52390203,4.29,10.09,112.2,248.43,"2026-04-20T13:16:48.644Z",GSM,true,"2026-04-20T13:10:55.656Z","Xiaomi Redmi Note 7",,,-73,,,,,,,,,,,,,,,,1022
222,1,25306,652,,,,20,-73,,43.02789952,12.52390203,4.29,10.09,112.2,248.43,"2026-04-20T13:16:48.644Z",GSM,true,"2026-04-20T13:10:55.656Z","Xiaomi Redmi Note 7",,,-73,,,,,,,,,,,,,,,,1010
222,1,25306,35362,,,,20,-73,,43.02789952,12.52390203,4.29,10.09,112.2,248.43,"2026-04-20T13:16:48.644Z",GSM,true,"2026-04-20T13:10:55.656Z","Xiaomi Redmi Note 7",,,-73,,,,,,,,,,,,,,,,2
222,1,25306,35657,,,,18,-77,5,43.02763393,12.52447865,4.29,15.16,122.9,249.31,"2026-04-20T13:16:52.650Z",GSM,false,"2026-04-20T13:10:55.656Z","Xiaomi Redmi Note 7",,,-77,,,,,,,,,,,,,,,,9
222,1,25306,36650,,,,21,-71,,43.02763393,12.52447865,4.29,15.16,122.9,249.31,"2026-04-20T13:16:52.650Z",GSM,true,"2026-04-20T13:12:02.657Z","Xiaomi Redmi Note 7",,,-71,,,,,,,,,,,,,,,,1023
222,1,25305,208,,,,21,-71,,43.02763393,12.52447865,4.29,15.16,122.9,249.31,"2026-04-20T13:16:52.650Z",GSM,true,"2026-04-20T13:12:02.657Z","Xiaomi Redmi Note 7",,,-71,,,,,,,,,,,,,,,,1009
222,1,25306,35607,,,,20,-73,,43.02763393,12.52447865,4.29,15.16,122.9,249.31,"2026-04-20T13:16:52.650Z",GSM,true,"2026-04-20T13:12:02.657Z","Xiaomi Redmi Note 7",,,-73,,,,,,,,,,,,,,,,1002
222,1,25306,175,,,,20,-73,,43.02763393,12.52447865,4.29,15.16,122.9,249.31,"2026-04-20T13:16:52.650Z",GSM,true,"2026-04-20T13:10:55.656Z","Xiaomi Redmi Note 7",,,-73,,,,,,,,,,,,,,,,1022
222,1,25306,652,,,,20,-73,,43.02763393,12.52447865,4.29,15.16,122.9,249.31,"2026-04-20T13:16:52.650Z",GSM,true,"2026-04-20T13:10:55.656Z","Xiaomi Redmi Note 7",,,-73,,,,,,,,,,,,,,,,1010
222,1,25306,35362,,,,20,-73,,43.02763393,12.52447865,4.29,15.16,122.9,249.31,"2026-04-20T13:16:52.650Z",GSM,true,"2026-04-20T13:10:55.656Z","Xiaomi Redmi Note 7",,,-73,,,,,,,,,,,,,,,,2
222,1,25306,35657,,,,18,-77,5,43.02739584,12.52497486,3.22,16.15,125.5,248.82,"2026-04-20T13:16:55.654Z",GSM,false,"2026-04-20T13:10:55.656Z","Xiaomi Redmi Note 7",,,-77,,,,,,,,,,,,,,,,9
222,1,25306,36650,,,,21,-71,,43.02739584,12.52497486,3.22,16.15,125.5,248.82,"2026-04-20T13:16:55.654Z",GSM,true,"2026-04-20T13:12:02.657Z","Xiaomi Redmi Note 7",,,-71,,,,,,,,,,,,,,,,1023
222,1,25305,208,,,,21,-71,,43.02739584,12.52497486,3.22,16.15,125.5,248.82,"2026-04-20T13:16:55.654Z",GSM,true,"2026-04-20T13:12:02.657Z","Xiaomi Redmi Note 7",,,-71,,,,,,,,,,,,,,,,1009
222,1,25306,35607,,,,20,-73,,43.02739584,12.52497486,3.22,16.15,125.5,248.82,"2026-04-20T13:16:55.654Z",GSM,true,"2026-04-20T13:12:02.657Z","Xiaomi Redmi Note 7",,,-73,,,,,,,,,,,,,,,,1002
222,1,25306,175,,,,20,-73,,43.02739584,12.52497486,3.22,16.15,125.5,248.82,"2026-04-20T13:16:55.654Z",GSM,true,"2026-04-20T13:10:55.656Z","Xiaomi Redmi Note 7",,,-73,,,,,,,,,,,,,,,,1022
222,1,25306,652,,,,20,-73,,43.02739584,12.52497486,3.22,16.15,125.5,248.82,"2026-04-20T13:16:55.654Z",GSM,true,"2026-04-20T13:10:55.656Z","Xiaomi Redmi Note 7",,,-73,,,,,,,,,,,,,,,,1010
222,1,25306,35362,,,,20,-73,,43.02739584,12.52497486,3.22,16.15,125.5,248.82,"2026-04-20T13:16:55.654Z",GSM,true,"2026-04-20T13:10:55.656Z","Xiaomi Redmi Note 7",,,-73,,,,,,,,,,,,,,,,2
222,1,25306,36650,,,,22,-69,,43.02713550,12.52544446,3.22,15.65,135,252.71,"2026-04-20T13:16:58.656Z",GSM,false,"2026-04-20T13:12:02.657Z","Xiaomi Redmi Note 7",,,-69,,,,,,,,,,,,,,,,1023
222,1,25305,208,,,,21,-71,,43.02713550,12.52544446,3.22,15.65,135,252.71,"2026-04-20T13:16:58.656Z",GSM,true,"2026-04-20T13:12:02.657Z","Xiaomi Redmi Note 7",,,-71,,,,,,,,,,,,,,,,1009
222,1,25306,652,,,,22,-69,,43.02713550,12.52544446,3.22,15.65,135,252.71,"2026-04-20T13:16:58.656Z",GSM,true,"2026-04-20T13:10:55.656Z","Xiaomi Redmi Note 7",,,-69,,,,,,,,,,,,,,,,1010
222,1,25306,35607,,,,21,-71,,43.02713550,12.52544446,3.22,15.65,135,252.71,"2026-04-20T13:16:58.656Z",GSM,true,"2026-04-20T13:12:02.657Z","Xiaomi Redmi Note 7",,,-71,,,,,,,,,,,,,,,,1002
222,1,25306,35657,,,,22,-69,,43.02713550,12.52544446,3.22,15.65,135,252.71,"2026-04-20T13:16:58.656Z",GSM,true,"2026-04-20T13:10:55.656Z","Xiaomi Redmi Note 7",,,-69,,,,,,,,,,,,,,,,9
222,1,25306,20362,,,,20,-73,,43.02713550,12.52544446,3.22,15.65,135,252.71,"2026-04-20T13:16:58.656Z",GSM,true,"2026-04-20T13:14:16.649Z","Xiaomi Redmi Note 7",,,-73,,,,,,,,,,,,,,,,4
222,1,25306,36650,,,,22,-69,,43.02670757,12.52590807,4.29,15.36,140.9,254.93,"2026-04-20T13:17:02.695Z",GSM,false,"2026-04-20T13:12:02.657Z","Xiaomi Redmi Note 7",,,-69,,,,,,,,,,,,,,,,1023
222,1,25305,208,,,,21,-71,,43.02670757,12.52590807,4.29,15.36,140.9,254.93,"2026-04-20T13:17:02.695Z",GSM,true,"2026-04-20T13:12:02.657Z","Xiaomi Redmi Note 7",,,-71,,,,,,,,,,,,,,,,1009
222,1,25306,652,,,,22,-69,,43.02670757,12.52590807,4.29,15.36,140.9,254.93,"2026-04-20T13:17:02.695Z",GSM,true,"2026-04-20T13:10:55.656Z","Xiaomi Redmi Note 7",,,-69,,,,,,,,,,,,,,,,1010
222,1,25306,35607,,,,21,-71,,43.02670757,12.52590807,4.29,15.36,140.9,254.93,"2026-04-20T13:17:02.695Z",GSM,true,"2026-04-20T13:12:02.657Z","Xiaomi Redmi Note 7",,,-71,,,,,,,,,,,,,,,,1002
222,1,25306,35657,,,,22,-69,,43.02670757,12.52590807,4.29,15.36,140.9,254.93,"2026-04-20T13:17:02.695Z",GSM,true,"2026-04-20T13:10:55.656Z","Xiaomi Redmi Note 7",,,-69,,,,,,,,,,,,,,,,9
222,1,25306,20362,,,,20,-73,,43.02670757,12.52590807,4.29,15.36,140.9,254.93,"2026-04-20T13:17:02.695Z",GSM,true,"2026-04-20T13:14:16.649Z","Xiaomi Redmi Note 7",,,-73,,,,,,,,,,,,,,,,4
222,1,25306,36650,,,,22,-69,,43.02638408,12.52629622,4.29,16.36,142,256.53,"2026-04-20T13:17:05.665Z",GSM,false,"2026-04-20T13:12:02.657Z","Xiaomi Redmi Note 7",,,-69,,,,,,,,,,,,,,,,1023
222,1,25305,208,,,,21,-71,,43.02638408,12.52629622,4.29,16.36,142,256.53,"2026-04-20T13:17:05.665Z",GSM,true,"2026-04-20T13:12:02.657Z","Xiaomi Redmi Note 7",,,-71,,,,,,,,,,,,,,,,1009
222,1,25306,652,,,,22,-69,,43.02638408,12.52629622,4.29,16.36,142,256.53,"2026-04-20T13:17:05.665Z",GSM,true,"2026-04-20T13:10:55.656Z","Xiaomi Redmi Note 7",,,-69,,,,,,,,,,,,,,,,1010
222,1,25306,35607,,,,21,-71,,43.02638408,12.52629622,4.29,16.36,142,256.53,"2026-04-20T13:17:05.665Z",GSM,true,"2026-04-20T13:12:02.657Z","Xiaomi Redmi Note 7",,,-71,,,,,,,,,,,,,,,,1002
222,1,25306,35657,,,,22,-69,,43.02638408,12.52629622,4.29,16.36,142,256.53,"2026-04-20T13:17:05.665Z",GSM,true,"2026-04-20T13:10:55.656Z","Xiaomi Redmi Note 7",,,-69,,,,,,,,,,,,,,,,9
222,1,25306,20362,,,,20,-73,,43.02638408,12.52629622,4.29,16.36,142,256.53,"2026-04-20T13:17:05.665Z",GSM,true,"2026-04-20T13:14:16.649Z","Xiaomi Redmi Note 7",,,-73,,,,,,,,,,,,,,,,4
222,1,25306,36650,,,,19,-75,,43.02602194,12.52664525,3.22,16.34,144.5,256.67,"2026-04-20T13:17:08.683Z",GSM,false,"2026-04-20T13:12:02.657Z","Xiaomi Redmi Note 7",,,-75,,,,,,,,,,,,,,,,1023
222,1,25305,208,,,,20,-73,,43.02602194,12.52664525,3.22,16.34,144.5,256.67,"2026-04-20T13:17:08.683Z",GSM,true,"2026-04-20T13:12:02.657Z","Xiaomi Redmi Note 7",,,-73,,,,,,,,,,,,,,,,1009
222,1,25306,652,,,,22,-69,,43.02602194,12.52664525,3.22,16.34,144.5,256.67,"2026-04-20T13:17:08.683Z",GSM,true,"2026-04-20T13:10:55.656Z","Xiaomi Redmi Note 7",,,-69,,,,,,,,,,,,,,,,1010
222,1,25306,35607,,,,21,-71,,43.02602194,12.52664525,3.22,16.34,144.5,256.67,"2026-04-20T13:17:08.683Z",GSM,true,"2026-04-20T13:12:02.657Z","Xiaomi Redmi Note 7",,,-71,,,,,,,,,,,,,,,,1002
222,1,25306,35657,,,,22,-69,,43.02602194,12.52664525,3.22,16.34,144.5,256.67,"2026-04-20T13:17:08.683Z",GSM,true,"2026-04-20T13:10:55.656Z","Xiaomi Redmi Note 7",,,-69,,,,,,,,,,,,,,,,9
222,1,25306,20362,,,,20,-73,,43.02602194,12.52664525,3.22,16.34,144.5,256.67,"2026-04-20T13:17:08.683Z",GSM,true,"2026-04-20T13:14:16.649Z","Xiaomi Redmi Note 7",,,-73,,,,,,,,,,,,,,,,4
222,1,25306,175,,,,19,-75,,43.02602194,12.52664525,3.22,16.34,144.5,256.67,"2026-04-20T13:17:08.683Z",GSM,true,"2026-04-20T13:10:55.656Z","Xiaomi Redmi Note 7",,,-75,,,,,,,,,,,,,,,,1022
222,1,25306,36650,,,,19,-75,,43.02568243,12.52700276,3.22,15.53,144.7,257.37,"2026-04-20T13:17:11.648Z",GSM,false,"2026-04-20T13:12:02.657Z","Xiaomi Redmi Note 7",,,-75,,,,,,,,,,,,,,,,1023
222,1,25305,208,,,,20,-73,,43.02568243,12.52700276,3.22,15.53,144.7,257.37,"2026-04-20T13:17:11.648Z",GSM,true,"2026-04-20T13:12:02.657Z","Xiaomi Redmi Note 7",,,-73,,,,,,,,,,,,,,,,1009
222,1,25306,652,,,,22,-69,,43.02568243,12.52700276,3.22,15.53,144.7,257.37,"2026-04-20T13:17:11.648Z",GSM,true,"2026-04-20T13:10:55.656Z","Xiaomi Redmi Note 7",,,-69,,,,,,,,,,,,,,,,1010
222,1,25306,35607,,,,21,-71,,43.02568243,12.52700276,3.22,15.53,144.7,257.37,"2026-04-20T13:17:11.648Z",GSM,true,"2026-04-20T13:12:02.657Z","Xiaomi Redmi Note 7",,,-71,,,,,,,,,,,,,,,,1002
222,1,25306,35657,,,,22,-69,,43.02568243,12.52700276,3.22,15.53,144.7,257.37,"2026-04-20T13:17:11.648Z",GSM,true,"2026-04-20T13:10:55.656Z","Xiaomi Redmi Note 7",,,-69,,,,,,,,,,,,,,,,9
222,1,25306,20362,,,,20,-73,,43.02568243,12.52700276,3.22,15.53,144.7,257.37,"2026-04-20T13:17:11.648Z",GSM,true,"2026-04-20T13:14:16.649Z","Xiaomi Redmi Note 7",,,-73,,,,,,,,,,,,,,,,4
222,1,25306,175,,,,19,-75,,43.02568243,12.52700276,3.22,15.53,144.7,257.37,"2026-04-20T13:17:11.648Z",GSM,true,"2026-04-20T13:10:55.656Z","Xiaomi Redmi Note 7",,,-75,,,,,,,,,,,,,,,,1022
222,1,25306,36650,,,,19,-75,,43.02533370,12.52736437,3.22,16.34,143.8,257.21,"2026-04-20T13:17:14.699Z",GSM,false,"2026-04-20T13:12:02.657Z","Xiaomi Redmi Note 7",,,-75,,,,,,,,,,,,,,,,1023
222,1,25305,208,,,,20,-73,,43.02533370,12.52736437,3.22,16.34,143.8,257.21,"2026-04-20T13:17:14.699Z",GSM,true,"2026-04-20T13:12:02.657Z","Xiaomi Redmi Note 7",,,-73,,,,,,,,,,,,,,,,1009
222,1,25306,652,,,,22,-69,,43.02533370,12.52736437,3.22,16.34,143.8,257.21,"2026-04-20T13:17:14.699Z",GSM,true,"2026-04-20T13:10:55.656Z","Xiaomi Redmi Note 7",,,-69,,,,,,,,,,,,,,,,1010
222,1,25306,35607,,,,21,-71,,43.02533370,12.52736437,3.22,16.34,143.8,257.21,"2026-04-20T13:17:14.699Z",GSM,true,"2026-04-20T13:12:02.657Z","Xiaomi Redmi Note 7",,,-71,,,,,,,,,,,,,,,,1002
222,1,25306,35657,,,,22,-69,,43.02533370,12.52736437,3.22,16.34,143.8,257.21,"2026-04-20T13:17:14.699Z",GSM,true,"2026-04-20T13:10:55.656Z","Xiaomi Redmi Note 7",,,-69,,,,,,,,,,,,,,,,9
222,1,25306,20362,,,,20,-73,,43.02533370,12.52736437,3.22,16.34,143.8,257.21,"2026-04-20T13:17:14.699Z",GSM,true,"2026-04-20T13:14:16.649Z","Xiaomi Redmi Note 7",,,-73,,,,,,,,,,,,,,,,4
222,1,25306,175,,,,19,-75,,43.02533370,12.52736437,3.22,16.34,143.8,257.21,"2026-04-20T13:17:14.699Z",GSM,true,"2026-04-20T13:10:55.656Z","Xiaomi Redmi Note 7",,,-75,,,,,,,,,,,,,,,,1022
222,1,25306,36650,,,,19,-75,,43.02498077,12.52770107,3.22,15.55,145,256.95,"2026-04-20T13:17:17.647Z",GSM,false,"2026-04-20T13:12:02.657Z","Xiaomi Redmi Note 7",,,-75,,,,,,,,,,,,,,,,1023
222,1,25305,208,,,,20,-73,,43.02498077,12.52770107,3.22,15.55,145,256.95,"2026-04-20T13:17:17.647Z",GSM,true,"2026-04-20T13:12:02.657Z","Xiaomi Redmi Note 7",,,-73,,,,,,,,,,,,,,,,1009
222,1,25306,652,,,,22,-69,,43.02498077,12.52770107,3.22,15.55,145,256.95,"2026-04-20T13:17:17.647Z",GSM,true,"2026-04-20T13:10:55.656Z","Xiaomi Redmi Note 7",,,-69,,,,,,,,,,,,,,,,1010
222,1,25306,35607,,,,21,-71,,43.02498077,12.52770107,3.22,15.55,145,256.95,"2026-04-20T13:17:17.647Z",GSM,true,"2026-04-20T13:12:02.657Z","Xiaomi Redmi Note 7",,,-71,,,,,,,,,,,,,,,,1002
222,1,25306,35657,,,,22,-69,,43.02498077,12.52770107,3.22,15.55,145,256.95,"2026-04-20T13:17:17.647Z",GSM,true,"2026-04-20T13:10:55.656Z","Xiaomi Redmi Note 7",,,-69,,,,,,,,,,,,,,,,9
222,1,25306,20362,,,,20,-73,,43.02498077,12.52770107,3.22,15.55,145,256.95,"2026-04-20T13:17:17.647Z",GSM,true,"2026-04-20T13:14:16.649Z","Xiaomi Redmi Note 7",,,-73,,,,,,,,,,,,,,,,4
222,1,25306,175,,,,19,-75,,43.02498077,12.52770107,3.22,15.55,145,256.95,"2026-04-20T13:17:17.647Z",GSM,true,"2026-04-20T13:10:55.656Z","Xiaomi Redmi Note 7",,,-75,,,,,,,,,,,,,,,,1022
222,1,25306,36650,,,,19,-75,,43.02458648,12.52807171,3.22,10.93,144.1,254.45,"2026-04-20T13:17:21.644Z",GSM,false,"2026-04-20T13:12:02.657Z","Xiaomi Redmi Note 7",,,-75,,,,,,,,,,,,,,,,1023
222,1,25305,208,,,,20,-73,,43.02458648,12.52807171,3.22,10.93,144.1,254.45,"2026-04-20T13:17:21.644Z",GSM,true,"2026-04-20T13:12:02.657Z","Xiaomi Redmi Note 7",,,-73,,,,,,,,,,,,,,,,1009
222,1,25306,652,,,,22,-69,,43.02458648,12.52807171,3.22,10.93,144.1,254.45,"2026-04-20T13:17:21.644Z",GSM,true,"2026-04-20T13:10:55.656Z","Xiaomi Redmi Note 7",,,-69,,,,,,,,,,,,,,,,1010
222,1,25306,35607,,,,21,-71,,43.02458648,12.52807171,3.22,10.93,144.1,254.45,"2026-04-20T13:17:21.644Z",GSM,true,"2026-04-20T13:12:02.657Z","Xiaomi Redmi Note 7",,,-71,,,,,,,,,,,,,,,,1002
222,1,25306,35657,,,,22,-69,,43.02458648,12.52807171,3.22,10.93,144.1,254.45,"2026-04-20T13:17:21.644Z",GSM,true,"2026-04-20T13:10:55.656Z","Xiaomi Redmi Note 7",,,-69,,,,,,,,,,,,,,,,9
222,1,25306,20362,,,,20,-73,,43.02458648,12.52807171,3.22,10.93,144.1,254.45,"2026-04-20T13:17:21.644Z",GSM,true,"2026-04-20T13:14:16.649Z","Xiaomi Redmi Note 7",,,-73,,,,,,,,,,,,,,,,4
222,1,25306,175,,,,19,-75,,43.02458648,12.52807171,3.22,10.93,144.1,254.45,"2026-04-20T13:17:21.644Z",GSM,true,"2026-04-20T13:10:55.656Z","Xiaomi Redmi Note 7",,,-75,,,,,,,,,,,,,,,,1022
